data_hoje,p_6,p_5,p_4,p_3,p_2,p_1,hoje,f_1,f_2,f_3,f_4,f_5,f_6,f_7,f_8,asset,max_percentual,max_futuro_col
2026-01-28 13:00:00,3.0,3.0,3.0,3.0,3.0,3.0,3.0,2.8618125915527344,2.816734552383423,2.6671905517578125,2.906737804412842,3.045715808868408,3.989239931106568,3.137850046157837,2.3305928707122803,MAPT3,32.97466437021892,f_6
2026-01-29 13:14:12,19.0,19.0,18.0,12.0,12.0,12.0,12.5,11.878373146057127,11.00102424621582,12.086727142333984,12.794060707092283,13.886157989501951,14.529603004455566,15.546509742736816,16.594282150268555,ADMF3,32.75425720214844,f_8
2026-01-29 21:00:15,28.0,28.0,28.0,28.0,28.0,28.0,17.299999237060547,19.562211990356445,19.016908645629883,19.331758499145508,20.77434539794922,18.37582397460937,15.450945854187012,14.670576095581056,15.782947540283203,GPAR3,20.082926671151693,f_4
2026-01-28 13:00:00,5.300000190734863,5.300000190734863,5.300000190734863,5.300000190734863,5.300000190734863,5.300000190734863,5.300000190734863,5.161812782287598,5.116734981536865,4.967190742492676,5.206737995147705,5.345715999603272,6.28924036026001,5.437849998474121,4.6305928230285645,RPAD3,18.664908187257723,f_6
2026-01-29 21:10:00,1.100000023841858,1.1100000143051147,1.1200000047683716,1.1200000047683716,1.0199999809265137,1.2300000190734863,0.9700000286102296,0.9562024474143982,0.9069975018501282,0.920663833618164,0.9374662637710572,1.0256184339523315,1.0200992822647097,1.0482358932495115,1.0992648601531982,T2DH34,13.32627090003011,f_8
2026-01-28 13:00:00,66.08000183105469,56.04999923706055,56.04999923706055,56.04999923706055,55.2400016784668,55.2400016784668,54.0099983215332,54.00909423828125,53.64978790283203,53.5012321472168,54.2673454284668,54.590797424316406,54.99431228637695,58.98202133178711,59.90361022949219,G2DD34,10.912075710265787,f_8
2026-01-28 13:00:00,9.970000267028809,9.970000267028809,9.970000267028809,9.970000267028809,9.970000267028809,9.970000267028809,9.970000267028809,9.831812858581545,9.786734580993652,9.63719081878662,9.876737594604492,10.01571559906006,10.959239959716797,10.107850074768066,9.300593376159668,TXRX3,9.922163151383694,f_6
2026-01-28 13:00:00,11.0,11.0,11.0,11.0,11.0,11.0,11.0,10.861812591552734,10.816734313964844,10.667190551757812,10.906737327575684,11.04571533203125,11.989239692687988,11.137849807739258,10.33059310913086,SNSY3,8.993088115345348,f_6
2026-01-29 20:00:35,90.9000015258789,80.9000015258789,80.16000366210938,80.16000366210938,80.16000366210938,80.16000366210938,80.05000305175781,79.86042785644531,78.67070007324219,78.1882553100586,78.9698486328125,79.82044219970703,83.05265808105469,84.92526245117188,87.07972717285156,M1KC34,8.781666274951359,f_8
2026-01-28 13:00:00,5.590000152587891,5.510000228881836,10.0,10.0,10.0,10.0,10.0,9.340511322021484,10.01417636871338,10.440897941589355,10.872929573059082,9.214761734008787,8.879047393798828,9.059778213500977,9.560551643371582,EQPA7,8.72929573059082,f_4
2026-01-28 13:00:00,12.0,12.0,12.0,12.0,12.0,12.0,12.0,11.861812591552734,11.816734313964844,11.667190551757812,11.906737327575684,12.04571533203125,12.989239692687988,12.137849807739258,11.33059310913086,CCTY3,8.243664105733234,f_6
2026-01-29 21:05:00,1.309999942779541,1.5299999713897705,1.9900000095367432,3.470000028610229,2.8399999141693115,2.859999895095825,2.5999999046325684,2.7582695484161377,2.808929443359375,2.813065767288208,2.776606798171997,2.514309883117676,2.347364902496338,2.4375996589660645,2.1094205379486084,PDGR3,8.194841171955739,f_3
2026-01-29 21:06:00,8.850000381469727,7.909999847412109,7.699999809265137,7.579999923706055,7.809999942779541,8.1899995803833,7.489999771118164,7.433088302612305,7.564440250396728,7.494353771209717,7.432262897491455,7.550962924957275,7.536606311798096,7.804071426391602,8.060649871826172,OBTC3,7.618826677518268,f_8
2026-01-29 20:26:44,23.57999992370605,23.950000762939453,23.86000061035156,24.21999931335449,23.8799991607666,27.790000915527344,22.0,21.400876998901367,21.225116729736328,22.018295288085938,22.756759643554688,23.543746948242188,23.401466369628903,22.8128604888916,23.077861785888672,O1KT34,7.017031582919034,f_5
2026-01-28 13:00:00,8.949999809265137,8.949999809265137,9.989999771118164,8.960000038146973,8.960000038146973,8.960000038146973,8.960000038146973,8.955852508544922,8.902030944824219,8.754220962524414,8.758797645568848,9.031452178955078,9.125246047973633,9.581717491149902,9.479101181030272,CEED3,6.938810829865886,f_7
2026-01-29 20:44:32,409.9599914550781,401.7200012207031,400.2999877929688,411.0199890136719,424.3699951171875,382.0499877929688,387.1199951171875,375.1255493164063,380.1253356933594,380.5043029785156,386.6795043945313,392.1705932617188,400.51214599609375,401.8714904785156,411.9869995117188,A1PH34,6.423590800832596,f_8
2026-01-28 13:00:00,16.0,16.0,16.0,16.0,16.0,16.0,16.0,15.861812591552734,15.816734313964844,15.667190551757812,15.906737327575684,16.04571533203125,16.989240646362305,16.137849807739258,15.33059310913086,MWET3,6.182754039764404,f_6
2026-01-29 21:06:00,3.9800000190734863,3.9600000381469727,3.9800000190734863,3.9600000381469727,3.809999942779541,3.5999999046325684,2.940000057220459,3.0152587890625,3.045738458633423,3.119434595108032,3.0473055839538574,2.9314615726470947,2.876952171325684,2.843571424484253,2.8595032691955566,AGXY3,6.1032154556219504,f_3
2026-01-29 21:07:59,2.400000095367432,2.380000114440918,2.4200000762939453,2.509999990463257,2.650000095367432,2.640000104904175,2.2300000190734863,2.248597860336304,2.150649309158325,2.243405342102051,2.265398025512696,2.3592734336853027,2.327476024627685,2.323431491851806,2.209689378738404,CVCB3,5.7970140585705705,f_5
2026-01-29 20:49:50,1.2999999523162842,1.350000023841858,1.4299999475479126,1.4299999475479126,1.3600000143051147,1.5099999904632568,1.25,1.2799265384674072,1.2467007637023926,1.2591774463653564,1.2408465147018433,1.2172675132751465,1.2448629140853882,1.24422287940979,1.320887327194214,B2HI34,5.670986175537109,f_8
2026-01-29 21:10:00,1185.0,1184.4000244140625,1226.1600341796875,1263.1500244140625,1214.1199951171875,1237.3499755859375,1069.989990234375,1032.8704833984375,1031.050537109375,1058.160888671875,1062.79833984375,1101.650390625,1111.96484375,1128.244140625,1124.5948486328125,SAPP34,5.444364052215551,f_7
2026-01-29 21:05:00,0.6899999976158142,0.6299999952316284,0.6399999856948853,0.6100000143051147,0.6800000071525574,0.6700000166893005,0.6299999952316284,0.6199712753295898,0.6244574785232544,0.6173760890960693,0.6198577284812927,0.6387587189674377,0.652798056602478,0.6635489463806152,0.6455652117729187,TOKY3,5.325230381414856,f_7
2026-01-29 13:08:01,32.11000061035156,32.11000061035156,32.11000061035156,32.11000061035156,23.89999961853028,22.280000686645508,22.459999084472656,23.62739372253418,23.112762451171875,23.20536422729492,22.76994514465332,22.40730667114257,22.05823135375977,22.32215690612793,22.54244613647461,H1UM34,5.197661111520624,f_1
2026-01-29 20:38:30,22.200000762939453,22.200000762939453,23.1200008392334,22.65999984741211,20.299999237060547,19.739999771118164,18.959999084472656,18.376941680908203,18.403249740600582,18.741567611694336,18.788789749145508,19.53874015808105,19.67872810363769,19.495439529418945,19.88004875183105,P2IN34,4.852582868064987,f_8
2026-01-29 20:31:51,1.8899999856948853,2.009999990463257,1.9800000190734863,1.9600000381469729,1.6799999475479126,1.659999966621399,1.6100000143051147,1.6310807466506958,1.5918720960617063,1.6586596965789795,1.6305603981018066,1.5896676778793335,1.610671043395996,1.6056678295135498,1.6861613988876345,T2TD34,4.730520739491498,f_8
2026-01-29 21:11:00,47.900001525878906,45.59999847412109,39.63999938964844,37.16999816894531,37.97999954223633,41.63999938964844,41.790000915527344,41.604278564453125,42.87308120727539,42.51755905151367,42.15918350219727,41.97229766845703,43.06205749511719,43.16596221923828,43.724853515625,ITLC34,4.629941511627844,f_8
2026-01-29 21:10:00,1.0099999904632568,1.059999942779541,1.0,0.9900000095367432,0.9200000166893004,0.8999999761581421,0.8500000238418579,0.8642109036445618,0.8442934155464172,0.8582912683486938,0.8675614595413208,0.8881486058235168,0.8511930704116821,0.8479297757148743,0.828047513961792,PMAM3,4.488068342543537,f_5
2026-01-29 20:45:39,80.41999816894531,79.63999938964844,77.66999816894531,77.30000305175781,69.66999816894531,69.94999694824219,69.94000244140625,70.01907348632812,72.43963623046875,73.03598022460938,70.462890625,70.0577621459961,69.29399871826172,69.67355346679688,68.88206481933594,AALL34,4.426619495469488,f_3
2026-01-29 20:54:22,5.25,5.079999923706055,5.699999809265137,5.239999771118164,5.400000095367432,5.199999809265137,5.099999904632568,4.996929168701172,5.02913761138916,5.086967945098877,5.089541912078857,5.0717058181762695,5.13050651550293,5.20863676071167,5.320332050323486,BIED3,4.3202382315885925,f_8
2026-01-29 20:43:28,65.33000183105469,68.87000274658203,68.58999633789062,72.04000091552734,72.11000061035156,72.94999694824219,65.56999969482422,65.02067565917969,65.67439270019531,67.11801147460938,68.3952865600586,66.78573608398438,66.15670013427734,65.25609588623047,63.66655731201172,D1DG34,4.308810246124478,f_4
2026-01-28 13:00:00,22.989999771118164,22.989999771118164,22.989999771118164,22.989999771118164,22.989999771118164,22.989999771118164,22.989999771118164,22.8518123626709,22.806734085083008,22.657190322875977,22.896738052368164,23.03571510314941,23.97924041748047,23.127849578857425,22.320592880249023,BMIN3,4.302917164901698,f_6
2026-01-29 20:54:29,27.38999938964844,27.809999465942383,27.709999084472656,28.040000915527344,27.56999969482422,28.18000030517578,25.90999984741211,25.54767608642578,25.43955993652344,25.58472442626953,25.75142478942871,26.06732749938965,26.576669692993164,26.598676681518555,27.008813858032227,S2NW34,4.240887754115008,f_8
2026-01-29 14:50:27,80.79000091552734,80.79000091552734,80.79000091552734,80.79000091552734,73.05000305175781,73.05000305175781,71.75,71.64391326904297,70.10482025146484,72.58660888671875,71.68010711669922,71.7335205078125,71.90363311767578,72.55158233642578,74.79139709472656,P1RG34,4.238880968260018,f_8
2026-01-29 16:41:27,211.2700042724609,211.2700042724609,242.9600067138672,214.6300048828125,211.7700042724609,211.7700042724609,209.0399932861328,205.8638458251953,209.9795379638672,210.4578094482422,210.2384033203125,210.35731506347656,209.0352325439453,214.3191070556641,217.4701538085937,B1DX34,4.032797930165344,f_8
2026-01-29 20:21:21,102.4800033569336,104.9000015258789,105.11000061035156,108.77999877929688,107.02999877929688,108.13999938964844,95.9499969482422,94.60621643066406,95.6181869506836,96.08633422851562,95.2733383178711,95.98587036132812,97.39126586914062,99.00474548339844,99.7003936767578,M1DB34,3.908699163939194,f_8
2026-01-28 13:00:00,297.70001220703125,273.5,273.5,273.5,273.5,273.5,273.5,275.39410400390625,273.3812561035156,271.1343688964844,272.054931640625,274.38165283203125,274.7279052734375,283.865478515625,282.1593322753906,B1RF34,3.789937300045704,f_7
2026-01-29 21:05:00,0.0101995468139648,0.0101995468139648,0.0102100372314453,0.0102801322937011,0.0103001594543457,0.0103106498718261,10.369999885559082,10.466964721679688,10.540719985961914,10.233837127685549,10.11361312866211,9.148029327392578,9.587018013000488,9.730031967163086,10.762140274047852,GOLL54,3.781488841044746,f_8
2026-01-29 20:19:24,11.850000381469728,12.300000190734863,12.039999961853027,11.699999809265137,11.260000228881836,12.239999771118164,10.729999542236328,10.633716583251951,10.523825645446776,10.708453178405762,10.799519538879396,10.867674827575684,11.135380744934082,10.982075691223145,10.84230899810791,XRXB34,3.778016961716152,f_6
2026-01-29 21:05:00,43.43999862670898,43.459999084472656,43.7599983215332,44.02999877929688,37.27000045776367,38.38999938964844,38.470001220703125,38.49272155761719,39.86595916748047,39.89940643310547,39.59717559814453,39.78177261352539,39.28445053100586,38.35963439941406,37.32245635986328,CVSH34,3.7156359943994257,f_3
2026-01-29 20:00:04,179.1699981689453,180.5399932861328,173.35000610351562,172.0500030517578,169.14999389648438,167.97000122070312,142.5500030517578,147.02352905273438,140.51052856445312,144.24302673339844,142.00125122070312,143.35137939453125,143.11753845214844,143.46780395507812,147.7576904296875,U1RI34,3.6532355429265424,f_8
2026-01-29 20:54:39,68.5199966430664,72.5199966430664,73.06999969482422,67.69999694824219,69.43000030517578,73.98999786376953,64.30999755859375,64.11589813232422,65.36115264892578,66.61959838867188,64.69322967529297,64.22876739501953,63.19628143310547,64.00534057617188,64.71858215332031,M2PM34,3.5913558043192504,f_3
2026-01-28 13:00:00,182.58999633789065,182.58999633789065,182.58999633789065,182.58999633789065,182.58999633789065,182.58999633789065,164.50999450683594,168.33250427246094,167.4110870361328,167.94309997558594,170.3806610107422,166.3278350830078,161.38560485839844,160.06700134277344,161.94659423828125,V1NO34,3.5685774116674134,f_4
2026-01-29 20:32:47,52.36000061035156,50.150001525878906,51.75,55.93999862670898,59.400001525878906,53.27999877929688,51.790000915527344,51.37008285522461,51.12810134887695,50.877044677734375,50.7480354309082,52.24930953979492,53.02939987182617,51.60272216796875,53.61528778076172,N2ET34,3.5244001408911525,f_8
2026-01-29 16:32:17,64.0,62.0099983215332,61.75,60.0,63.959999084472656,59.34999847412109,57.27999877929688,56.82700729370117,57.98177719116211,57.916141510009766,59.27823257446289,58.16714096069336,57.06684494018555,56.90859222412109,56.51176834106445,PSKY34,3.488536727916712,f_4
2026-01-29 20:47:18,3.0999999046325684,3.009999990463257,3.009999990463257,3.009999990463257,3.009999990463257,3.009999990463257,3.4800000190734863,3.409736156463623,3.445683240890503,3.4400570392608643,3.425769329071045,3.456202268600464,3.46494722366333,3.477574348449707,3.6002020835876465,GSHP3,3.4540822946938574,f_8
2026-01-29 19:24:29,98.9000015258789,93.9000015258789,94.1999969482422,94.1999969482422,94.68000030517578,92.81999969482422,94.44000244140624,94.0585479736328,94.00645446777344,93.64948272705078,93.6733169555664,94.83130645751952,94.89932250976562,96.7160415649414,97.67729949951172,M1UF34,3.427887520559941,f_8
2026-01-29 21:06:00,2.9200000762939453,3.009999990463257,3.130000114440918,3.259999990463257,3.2699999809265137,3.259999990463257,3.049999952316284,3.057087182998657,3.0275795459747314,3.0607705116271973,3.1530203819274902,3.094240665435791,3.027650117874145,3.049633741378784,3.1283633708953857,JALL3,3.377719056453377,f_4
2026-01-29 21:10:00,26.43000030517578,26.690000534057617,26.88999938964844,25.459999084472656,21.100000381469727,21.600000381469727,21.6299991607666,21.91831970214844,22.345420837402344,21.868690490722656,22.061229705810547,21.77850151062012,21.54726791381836,21.67769432067871,21.719253540039062,UNHH34,3.307543709633628,f_2
2026-01-29 20:48:59,34.22999954223633,34.5,35.34000015258789,36.38999938964844,36.38999938964844,34.95000076293945,32.220001220703125,31.46174049377441,32.17981719970703,31.89343643188477,32.63382339477539,32.43309783935547,33.072967529296875,32.514869689941406,33.28481674194336,NOKI34,3.304827687455305,f_8
2026-01-29 16:43:54,217.58999633789065,218.4499969482422,209.0399932861328,213.6499938964844,237.9900054931641,209.97000122070312,202.0200042724609,200.84567260742188,202.6922912597656,205.5052795410156,208.64480590820312,203.5240478515625,201.5600128173828,204.66395568847656,207.8604736328125,STZB34,3.279280019619953,f_4
2026-01-29 14:44:10,2.950000047683716,2.7100000381469727,2.7100000381469727,2.7100000381469727,2.700000047683716,2.700000047683716,2.75,2.744649887084961,2.74405288696289,2.7598259449005127,2.769348859786988,2.7638397216796875,2.760506391525269,2.8399455547332764,2.837942361831665,DTCY3,3.2707474448464136,f_7
2026-01-29 20:30:37,25.979999542236328,26.440000534057617,26.5,28.540000915527344,28.540000915527344,28.520000457763672,25.420000076293945,25.83282470703125,25.552921295166016,25.45928192138672,25.422487258911133,25.742176055908203,25.634735107421875,25.81494331359864,26.251087188720703,T1WL34,3.269422147649043,f_8
2026-01-29 21:06:00,1.909999966621399,1.8600000143051147,1.7300000190734863,1.6699999570846558,1.75,1.75,1.7100000381469729,1.688373565673828,1.687188982963562,1.7266072034835815,1.7009247541427612,1.7158554792404177,1.7400323152542114,1.76528000831604,1.7623401880264282,SEQL3,3.232746721396045,f_7
2026-01-28 13:00:00,40.7400016784668,37.43999862670898,37.43999862670898,35.40999984741211,35.40999984741211,35.40999984741211,35.40999984741211,35.107704162597656,35.5667724609375,36.5346908569336,35.45911407470703,35.60851287841797,36.03627395629883,36.129974365234375,35.65678024291992,W2ST34,3.176196030409418,f_3
2026-01-29 17:00:48,32.5,33.5,33.5,34.150001525878906,33.38999938964844,33.38999938964844,29.14999961853028,29.078393936157227,29.39405632019043,29.123523712158203,29.184017181396484,29.35653305053711,29.13168334960937,29.433900833129883,30.074281692504883,H2UB34,3.170779025969713,f_8
2026-01-28 13:00:00,68.0,54.02000045776367,54.02000045776367,55.02000045776367,64.0,67.97000122070312,67.97000122070312,68.74969482421875,68.34134674072266,66.4509506225586,67.9543685913086,67.07151794433594,67.65389251708984,70.12108612060547,69.30723571777344,SOND6,3.164756306120442,f_7
2026-01-28 13:00:00,35.40999984741211,35.40999984741211,35.40999984741211,33.27000045776367,33.27000045776367,33.27000045776367,33.61000061035156,33.76918411254883,33.55777740478516,33.68258285522461,33.70075607299805,33.93390274047852,34.2447395324707,34.43820571899414,34.6670036315918,C1DW34,3.144906283978726,f_8
2026-01-29 15:47:33,8.680000305175781,8.8100004196167,8.869999885559082,8.630000114440918,8.1899995803833,8.199999809265137,8.0600004196167,7.994570255279541,7.928832054138184,8.098957061767578,8.1150541305542,8.076835632324219,8.108415603637695,8.19371509552002,8.312870025634766,COTY34,3.137339861703033,f_8
2026-01-29 20:54:43,5.889999866485596,5.53000020980835,5.449999809265137,5.130000114440918,5.110000133514404,5.150000095367432,5.309999942779541,5.239120960235596,5.394198894500732,5.325132369995117,5.278679370880127,5.397262096405029,5.476235389709473,5.441932201385498,5.345945358276367,WEST3,3.1306110870297865,f_6
2026-01-29 21:07:48,18.3799991607666,18.299999237060547,17.420000076293945,16.639999389648438,14.5,14.510000228881836,13.960000038146973,13.788335800170898,14.018590927124023,14.268827438354492,14.102447509765623,13.984968185424805,14.395600318908691,14.371996879577637,14.057114601135254,DESK3,3.1203458422020147,f_6
2026-01-29 21:10:00,22.350000381469727,22.059999465942383,25.5,23.489999771118164,23.14999961853028,22.299999237060547,21.76000022888184,22.27541732788086,22.40389633178711,22.08084297180176,21.913976669311523,21.546537399291992,21.33242988586425,21.10039329528809,21.32365798950196,S2GM34,2.959081324138207,f_2
2026-01-29 20:54:50,125.4800033569336,131.61000061035156,127.54000091552734,116.0,115.7699966430664,118.5199966430664,102.4499969482422,103.3808822631836,104.08192443847656,103.57645416259766,103.72087860107422,103.52753448486328,104.98047637939452,105.42161560058594,102.34452056884766,RGTI34,2.900555139933302,f_7
2026-01-29 21:05:00,1.409999966621399,1.3200000524520874,1.2899999618530271,1.309999942779541,1.2899999618530271,1.25,1.2000000476837158,1.1801234483718872,1.1995916366577148,1.1904362440109253,1.2050646543502808,1.195957899093628,1.2208540439605713,1.2347959280014038,1.2114077806472778,LUPA3,2.8996565779186656,f_7
2026-01-29 20:29:01,26.459999084472656,27.0,27.0,26.1299991607666,25.049999237060547,24.459999084472656,23.200000762939453,23.251001358032227,23.067914962768555,22.72420310974121,23.26450157165528,23.49645233154297,23.408016204833984,23.33595848083496,23.864463806152344,P1YC34,2.864064747249184,f_8
2026-01-28 13:00:00,655.010009765625,655.010009765625,622.8300170898438,622.8300170898438,622.8300170898438,570.1500244140625,570.1500244140625,561.7845458984375,571.837646484375,567.6735229492188,580.9055786132812,581.2284545898438,586.4569702148438,570.5567626953125,574.1339721679688,L1EN34,2.86011490002824,f_6
2026-01-29 18:06:39,77.0999984741211,76.9000015258789,76.9000015258789,85.12999725341797,79.0,77.05000305175781,77.6500015258789,78.84827423095703,78.54112243652344,78.87092590332031,78.33815002441406,79.84896087646484,79.39899444580078,77.17864990234375,76.267333984375,N1VS34,2.8318857789759044,f_5
2026-01-29 21:12:00,98.37999725341795,99.1999969482422,102.5,103.52999877929688,103.77999877929688,101.61000061035156,93.29000091552734,90.59713745117188,92.08431243896484,93.14671325683594,95.55921936035156,93.49111938476562,95.0345458984375,95.9153060913086,95.55535888671876,MSFT34,2.8141335084329384,f_7
2026-01-29 20:04:50,245.22000122070312,245.22000122070312,245.22000122070312,245.2700042724609,245.2700042724609,245.2700042724609,225.7100067138672,229.69366455078125,229.64614868164065,229.83755493164065,232.0514068603516,226.90269470214844,222.7262115478516,220.602279663086,222.558334350586,C1NC34,2.8095343395755488,f_4
2026-01-29 14:52:49,54.119998931884766,48.0,47.58000183105469,47.95000076293945,46.7599983215332,46.04999923706055,45.709999084472656,45.99843215942383,46.990352630615234,46.15324401855469,45.921669006347656,45.7911376953125,46.43037796020508,46.40556716918945,45.53580856323242,ABTT34,2.8010360354120083,f_2
2026-01-29 21:11:00,62.470001220703125,64.58000183105469,60.34999847412109,60.959999084472656,58.560001373291016,59.09999847412109,52.709999084472656,52.12149810791016,52.51375198364258,53.30046844482422,52.30317687988281,52.58695983886719,53.54025268554688,54.18632125854492,53.43992614746094,QUBT34,2.800838929453068,f_7
2026-01-29 20:50:11,1697.030029296875,1568.2099609375,1548.18994140625,1551.550048828125,1552.81005859375,1522.0,1544.800048828125,1543.564453125,1527.5767822265625,1555.24609375,1558.538330078125,1534.36865234375,1570.9248046875,1588.010498046875,1584.6956787109375,GEOO34,2.797154832531832,f_7
2026-01-29 20:47:48,250.759994506836,256.3599853515625,253.7100067138672,255.9199981689453,243.4100036621093,236.8699951171875,222.4100036621093,221.8398284912109,221.90426635742188,223.4369506835937,222.4549255371093,222.3800506591797,218.93907165527344,223.9718170166016,228.56431579589844,L1UL34,2.767102213234456,f_8
2026-01-29 21:07:45,23.84000015258789,24.809999465942383,26.13999938964844,26.270000457763672,25.989999771118164,25.979999542236328,24.420000076293945,24.58380126953125,24.39917755126953,24.223217010498047,24.355493545532227,24.476720809936523,24.351367950439453,24.60458374023437,25.083934783935547,BMOB3,2.7188153381134725,f_8
2026-01-29 18:56:51,6.889999866485596,7.010000228881836,6.849999904632568,6.639999866485596,6.699999809265137,6.579999923706055,6.130000114440918,6.099998950958252,6.094140529632568,6.170628547668457,6.148802757263184,6.2585554122924805,6.183433532714844,6.061207294464111,6.29435396194458,GPRO34,2.6811393871997,f_8
2026-01-29 20:53:46,1.3300000429153442,1.309999942779541,1.3600000143051147,1.3600000143051147,1.399999976158142,1.399999976158142,1.350000023841858,1.344048261642456,1.3537616729736328,1.338828206062317,1.3363137245178225,1.3471341133117676,1.3582147359848022,1.3667643070220947,1.3856881856918335,UCAS3,2.643567497755554,f_8
2026-01-29 21:05:00,25.100000381469727,25.299999237060547,24.39999961853028,23.11000061035156,22.40999984741211,21.81999969482422,21.290000915527344,21.15704727172852,21.66565322875977,21.08592987060547,21.0474853515625,21.29969787597656,21.58056259155273,21.34656524658203,21.848949432373047,EVEB31,2.6254039117398422,f_8
2026-01-29 20:37:20,167.0800018310547,167.0800018310547,167.0800018310547,167.0800018310547,167.0800018310547,167.0800018310547,154.60000610351562,157.23855590820312,156.6025390625,156.9697723388672,158.65232849121094,155.8548126220703,152.443359375,151.53317260742188,152.83059692382812,I1BN34,2.62116573590689,f_4
2026-01-29 20:32:12,389.9200134277344,389.9200134277344,389.9200134277344,389.9200134277344,352.6700134277344,350.17999267578125,345.1199951171875,345.5924377441406,340.6491394042969,349.2374267578125,344.2762451171875,343.9444885253906,344.7796630859375,349.3629455566406,354.1324462890625,A1GI34,2.611396412663592,f_8
2026-01-28 13:00:00,39.0,39.0,39.0,39.0,39.0,39.0,39.0,38.861812591552734,38.81673431396485,38.66719055175781,38.90673828125,39.04571533203125,39.98923873901367,39.13785171508789,38.33059310913086,C2PT34,2.536509587214544,f_6
2026-01-28 13:00:00,12.520000457763672,12.520000457763672,12.520000457763672,12.520000457763672,12.520000457763672,12.520000457763672,11.619999885559082,11.81027889251709,11.764412879943848,11.790895462036133,11.91223430633545,11.710489273071287,11.464471817016602,11.398833274841309,11.49239730834961,R1DY34,2.514926193239861,f_4
2026-01-28 13:00:00,41.0,41.0,41.0,41.0,41.0,41.0,41.0,40.861812591552734,40.81673431396485,40.66719055175781,40.90673828125,41.04571533203125,41.98923873901367,41.13785171508789,40.33059310913086,PEAB3,2.412777412228468,f_6
2026-01-28 13:00:00,41.0,41.0,41.0,41.0,41.0,41.0,41.0,40.861812591552734,40.81673431396485,40.66719055175781,40.90673828125,41.04571533203125,41.98923873901367,41.13785171508789,40.33059310913086,MSPA4,2.412777412228468,f_6
2026-01-29 21:07:45,1.3899999856948853,1.4500000476837158,1.4700000286102295,1.600000023841858,1.690000057220459,1.7999999523162842,1.7899999618530271,1.7241591215133667,1.7619057893753052,1.7415324449539185,1.8330990076065063,1.7849090099334717,1.7586891651153564,1.793262243270874,1.802212595939636,PDTC3,2.407767970501095,f_4
2026-01-29 16:56:26,53.43999862670898,52.93000030517578,52.93000030517578,52.93000030517578,52.93000030517578,52.93000030517578,47.400001525878906,48.199554443359375,47.79690170288086,48.51654052734375,47.88899993896485,48.27756881713867,46.928443908691406,46.8480110168457,47.09236907958984,R1EL34,2.355567437809572,f_3
2026-01-29 16:04:32,32.90999984741211,32.90999984741211,31.920000076293945,31.920000076293945,31.920000076293945,31.920000076293945,29.21999931335449,29.28386116027832,29.162294387817383,29.28716278076172,29.043806076049805,29.497936248779297,29.231143951416016,29.548816680908203,29.903928756713867,E2ST34,2.340621011057988,f_8
2026-01-28 13:00:00,621.0800170898438,621.0800170898438,626.469970703125,580.2899780273438,579.1300048828125,562.4199829101562,562.4199829101562,558.1934814453125,553.9239501953125,559.4150390625,565.214599609375,559.010986328125,569.2965087890625,572.972412109375,575.5302124023438,CAON34,2.331039061654712,f_8
2026-01-28 13:00:00,42.59999847412109,42.59999847412109,42.59999847412109,42.59999847412109,42.59999847412109,42.59999847412109,42.59999847412109,42.46181106567383,42.41673278808594,42.267189025878906,42.50673675537109,42.64571380615234,43.589237213134766,42.73785018920898,41.93059158325195,P1UK34,2.322156747528102,f_6
2026-01-29 21:06:00,4.050000190734863,4.03000020980835,4.150000095367432,4.460000038146973,4.730000019073486,4.639999866485596,4.369999885559082,4.471097946166992,4.410017490386963,4.319483280181885,4.268207550048828,4.322565078735352,4.388163089752197,4.3888020515441895,4.437448501586914,GFSA3,2.3134568250675374,f_1
2026-01-29 14:31:10,5.699999809265137,5.679999828338623,5.650000095367432,5.96999979019165,5.760000228881836,5.550000190734863,5.550000190734863,5.498773097991943,5.525704860687256,5.558060169219971,5.5588226318359375,5.636613368988037,5.616046905517578,5.607043743133545,5.677778720855713,S1RP34,2.302315778910464,f_8
2026-01-28 13:00:00,191.2400054931641,176.5800018310547,176.5800018310547,181.5,181.5,181.5,181.5,181.94073486328125,180.9855499267578,181.1573486328125,182.5527801513672,184.2202606201172,183.9147186279297,185.12339782714844,185.6654357910156,E1MN34,2.295005945463154,f_8
2026-01-29 14:30:07,4.710000038146973,4.710000038146973,4.909999847412109,5.179999828338623,5.489999771118164,5.119999885559082,5.119999885559082,5.032114028930664,4.975820541381836,5.118577480316162,5.135688781738281,5.177961349487305,5.160902500152588,5.237014293670654,5.151066780090332,F1SL34,2.2854377095126592,f_7
2026-01-28 13:00:00,231.13999938964844,231.13999938964844,231.13999938964844,231.13999938964844,231.13999938964844,231.13999938964844,216.1600036621093,219.3270568847656,218.5636444091797,219.00442504882807,221.0240478515625,217.66612243652344,213.5712890625,212.4787750244141,214.03610229492188,A1LG34,2.250205452927526,f_4
2026-01-28 13:00:00,21.559999465942383,21.559999465942383,21.559999465942383,21.559999465942383,21.020000457763672,20.239999771118164,20.239999771118164,20.13517189025879,19.977659225463867,20.197280883789062,20.292179107666016,20.430110931396484,20.36781311035156,20.42788887023925,20.6950798034668,E2TS34,2.24841915758328,f_8
2026-01-29 20:45:51,731.4600219726562,756.280029296875,756.280029296875,769.1199951171875,752.2899780273438,752.2899780273438,905.9199829101562,875.0184936523438,890.086181640625,899.2356567382812,899.751953125,886.8959350585938,922.0357666015624,905.9903564453124,926.2289428710938,R1CL34,2.2418050538743466,f_8
2026-01-28 13:00:00,18.780000686645508,18.780000686645508,18.13999938964844,18.13999938964844,18.13999938964844,18.13999938964844,18.13999938964844,18.1235580444336,18.13199234008789,18.128093719482425,18.0703182220459,18.166501998901367,18.2697868347168,18.3891658782959,18.54572486877441,M1KT34,2.236634469555182,f_8
2026-01-29 19:56:12,32.36000061035156,33.189998626708984,34.81999969482422,36.209999084472656,34.709999084472656,34.93000030517578,30.809999465942383,30.99570846557617,31.06905746459961,30.929065704345703,30.86812400817871,31.11129379272461,31.498884201049805,30.851110458374023,30.720293045043945,T1AM34,2.2359128433900834,f_6
2026-01-29 21:05:00,2.359999895095825,2.359999895095825,2.2300000190734863,2.2300000190734863,2.700000047683716,2.7100000381469727,2.799999952316284,2.8624744415283203,2.6558661460876465,2.686917304992676,2.7527966499328613,2.8323776721954346,2.8090298175811768,2.8421826362609863,2.790609121322632,CTSA3,2.23123179557037,f_1
2026-01-29 20:21:34,14.81999969482422,15.119999885559082,15.220000267028809,15.420000076293944,14.399999618530272,14.649999618530272,13.670000076293944,13.415008544921877,13.566164016723633,13.603919982910156,13.974753379821776,13.961993217468262,13.857450485229492,13.831180572509766,13.760820388793944,D1OC34,2.2293584625235296,f_4
2026-01-29 19:34:10,44.5,44.5,44.5,44.5,44.5,44.5,44.5,44.361812591552734,44.31673431396485,44.16719055175781,44.40673828125,44.54571533203125,45.48923873901367,44.63785171508789,43.83059310913086,MRSA6B,2.223008402277914,f_6
2026-01-29 14:15:55,467.0,467.0,467.0,467.0,467.0,428.7900085449219,430.5,428.8113403320313,421.6883544921875,430.48919677734375,436.4462585449219,434.49560546875,432.86724853515625,437.4015502929688,440.0137634277344,A1ON34,2.2099334326909115,f_8
2026-01-29 21:07:00,6.230000019073486,6.300000190734863,6.550000190734863,6.349999904632568,6.510000228881836,7.0,6.610000133514404,6.643906593322754,6.703080177307129,6.755392551422119,6.689326286315918,6.60068941116333,6.666643142700195,6.574264526367188,6.50236701965332,USIM3,2.19958267732156,f_3
2026-01-29 14:12:35,506.7000122070313,506.7000122070313,495.6000061035156,483.6300048828125,481.6600036621094,481.6600036621094,483.3599853515625,481.4034729003906,481.6136779785156,482.247314453125,483.0437927246094,483.8196105957031,487.9809875488281,491.1453247070313,493.9410400390625,VLOE34,2.189063018901756,f_8
2026-01-29 15:57:47,736.4500122070312,736.4500122070312,736.4500122070312,711.3200073242188,711.3200073242188,711.3200073242188,713.1599731445312,710.8493041992188,707.5494384765625,711.6329956054688,714.2933959960938,718.4010009765625,720.8211059570312,724.6458740234375,728.5867919921875,EXGR34,2.163163866254984,f_8
2026-01-29 20:33:43,122.68000030517578,123.13999938964844,123.13999938964844,125.6500015258789,137.4199981689453,127.62000274658205,125.12000274658205,124.86212158203124,125.23973846435548,127.8235321044922,125.47384643554688,124.2083740234375,126.13465881347656,127.15665435791016,125.70658111572266,H1CA34,2.160749119695819,f_3
2026-01-29 20:39:05,2.1700000762939453,2.2799999713897705,2.220000028610229,2.1600000858306885,1.9700000286102293,1.850000023841858,1.9800000190734863,1.98807430267334,1.9692870378494265,1.988751769065857,2.019851922988892,2.022711992263794,1.9945486783981323,1.9926879405975344,1.959102749824524,C1AB34,2.157170342366668,f_5
2026-01-28 13:00:00,47.0,47.0,47.0,47.0,47.0,47.0,47.0,46.861812591552734,46.81673431396485,46.66719055175781,46.90673828125,47.04571533203125,47.98923873901367,47.13785171508789,46.33059310913086,MSPA3,2.104763274497174,f_6
2026-01-29 21:00:00,1.7300000190734863,1.7400000095367432,1.7400000095367432,1.7400000095367432,1.9700000286102293,1.9600000381469729,1.919999957084656,1.9137755632400515,1.9603183269500728,1.869074344635009,1.868018388748169,1.861903190612793,1.8851242065429688,1.905201435089112,1.9091047048568728,OSXB3,2.099915144093921,f_2
2026-01-29 19:40:40,40.0,39.97999954223633,36.09999847412109,36.09999847412109,36.09999847412109,36.09999847412109,40.0,39.17942428588867,39.87700271606445,39.51691818237305,39.74383544921875,39.54427337646485,40.33884048461914,39.733306884765625,40.83019256591797,MRSA5B,2.075481414794922,f_8
2026-01-28 13:00:00,48.0,48.0,48.0,48.0,48.0,48.0,48.0,47.861812591552734,47.81673431396485,47.66719055175781,47.90673828125,48.04571533203125,48.98923873901367,48.13785171508789,47.33059310913086,COCE3,2.0609140396118164,f_6
2026-01-28 13:00:00,205.1999969482422,205.1999969482422,205.1999969482422,202.3500061035156,202.7899932861328,216.4100036621093,219.509994506836,217.81231689453125,216.94796752929688,216.7188262939453,216.3697509765625,216.09536743164065,218.076400756836,223.73065185546875,224.01329040527344,S1YY34,2.0515220314022007,f_8
2026-01-29 20:20:01,76.16999816894531,76.98999786376953,75.83999633789062,78.22000122070312,77.25,81.94999694824219,78.05000305175781,77.66448211669922,77.1554183959961,77.52705383300781,79.62683868408203,77.95726013183594,78.90255737304688,78.0697250366211,78.45201110839844,A1ES34,2.020289007905049,f_4
2026-01-29 19:43:22,137.0,137.0,137.0,150.0,155.0,142.80999755859375,142.92999267578125,141.95120239257812,141.7356719970703,144.4793701171875,145.7978973388672,145.4822540283203,145.61654663085938,143.1785125732422,143.26791381835938,CLXC34,2.0065100469090624,f_4
2026-01-29 17:31:02,30.0,30.0,27.850000381469727,27.850000381469727,27.850000381469727,27.850000381469727,25.6299991607666,25.464263916015625,25.35647964477539,25.54110145568848,25.76182556152344,26.112079620361328,26.138885498046875,25.813278198242188,25.749643325805664,BALM3,1.985510549915494,f_6
2026-01-28 13:00:00,50.0,50.0,50.0,50.0,50.0,50.0,50.0,49.861812591552734,49.81673431396485,49.66719055175781,49.90673828125,50.04571533203125,50.98923873901367,50.13785171508789,49.33059310913086,CTKA3,1.978477478027344,f_6
2026-01-29 18:57:42,112.20999908447266,112.20999908447266,112.20999908447266,112.20999908447266,112.20999908447266,104.27999877929688,103.11000061035156,103.22996520996094,103.06698608398438,103.83616638183594,105.13062286376952,103.83124542236328,103.20992279052734,102.60834503173828,103.2957000732422,MACY34,1.9596763082698607,f_4
2026-01-29 20:54:40,1.2300000190734863,1.2699999809265137,1.2999999523162842,1.409999966621399,1.5800000429153442,1.4900000095367432,1.4500000476837158,1.462024211883545,1.4548234939575195,1.478379249572754,1.4737038612365725,1.4493719339370728,1.4552230834960938,1.4345184564590454,1.4068899154663086,TCSA3,1.957186272812341,f_3
2026-01-29 20:40:40,126.70999908447266,121.41999816894533,122.0500030517578,121.16000366210938,117.1999969482422,116.29000091552734,116.02999877929688,114.9429702758789,115.51245880126952,116.1363525390625,116.27386474609376,115.87763214111328,116.07772064208984,117.35623931884766,118.27253723144533,SNEC34,1.932722981764412,f_8
2026-01-29 20:32:46,1150.22998046875,1097.7900390625,1096.0,1096.0,1116.6600341796875,1095.5699462890625,1105.260009765625,1104.3680419921875,1100.9283447265625,1107.185302734375,1103.2330322265625,1116.4427490234375,1113.4666748046875,1126.6102294921875,1125.2584228515625,C1AH34,1.931692048741536,f_7
2026-01-29 21:07:00,4.420000076293945,4.949999809265137,4.829999923706055,5.050000190734863,5.239999771118164,5.269999980926514,5.139999866485596,5.238796234130859,5.175868034362793,5.126140117645264,5.0991973876953125,5.118875503540039,5.027000904083252,4.933660984039307,4.9171576499938965,ANIM3,1.922108369874615,f_1
2026-01-28 13:00:00,300.6000061035156,287.82000732421875,287.82000732421875,287.82000732421875,287.82000732421875,287.82000732421875,287.82000732421875,288.8203125,287.7572937011719,286.5707397460937,287.056884765625,288.2856140136719,288.4684753417969,293.2940368652344,292.3930053710937,P1AY34,1.901893336709331,f_7
2026-01-29 19:50:48,323.3999938964844,323.3999938964844,323.3999938964844,323.3999938964844,323.3999938964844,330.0,311.0,309.1649475097656,309.91326904296875,309.87261962890625,311.989013671875,311.53765869140625,313.1651306152344,315.0606994628906,316.90985107421875,MOOO34,1.9002736573050645,f_8
2026-01-29 20:39:07,0.5,0.550000011920929,0.4699999988079071,0.4600000083446502,0.5400000214576721,0.5899999737739563,0.5,0.5014535188674927,0.4943336248397827,0.4896280765533447,0.4730759561061859,0.4821599721908569,0.4963594377040863,0.5022894144058228,0.5095003247261047,PPLA11,1.900064945220948,f_8
2026-01-29 19:41:07,723.3599853515625,723.3599853515625,744.5999755859375,744.5999755859375,744.5999755859375,696.780029296875,688.0,689.5116577148438,701.0241088867188,683.4164428710938,683.9614868164062,689.0597534179688,685.0753784179688,690.4429321289062,693.3389892578125,C1BO34,1.8930390823719112,f_2
2026-01-29 21:07:53,13.869999885559082,14.220000267028809,14.729999542236328,15.109999656677246,15.5,15.350000381469728,14.449999809265137,14.457249641418455,14.339014053344728,14.581424713134766,14.720043182373049,14.426318168640137,14.452210426330566,14.542769432067873,14.657867431640623,SBFG3,1.868812295310635,f_4
2026-01-28 13:00:00,702.1900024414062,702.1900024414062,665.97998046875,665.97998046875,665.97998046875,624.8400268554688,624.8400268554688,623.713623046875,622.6669921875,630.9215087890625,622.7657470703125,628.1287841796875,622.2191162109375,634.073974609375,636.4880981445312,A1JG34,1.864168553298652,f_8
2026-01-29 21:05:00,0.8399999737739563,0.8500000238418579,0.8299999833106995,0.8399999737739563,0.8600000143051147,0.8199999928474426,0.7699999809265137,0.7760328650474548,0.7819258570671082,0.7733948826789856,0.7712593674659729,0.7652373909950256,0.7716752290725708,0.7670145630836487,0.7843154072761536,IFCM3,1.8591463252264824,f_8
2026-01-29 21:11:00,31.18000030517578,31.309999465942383,31.729999542236328,32.2599983215332,31.0,31.049999237060547,31.11000061035156,31.0687255859375,31.05046844482422,31.11328887939453,31.12178039550781,31.312301635742188,31.60556030273437,31.68556404113769,31.613927841186523,ADBE34,1.850091351636359,f_7
2026-01-29 20:40:24,15.579999923706056,15.699999809265137,15.859999656677246,16.200000762939453,16.1200008392334,16.020000457763672,14.579999923706056,14.286913871765137,14.312734603881836,14.720290184020996,14.59390640258789,14.765369415283203,14.848949432373049,14.841264724731444,14.827221870422363,T1SC34,1.84464684550306,f_6
2026-01-29 14:15:16,71.1500015258789,67.83000183105469,62.29999923706055,60.540000915527344,55.91999816894531,53.81999969482422,53.33000183105469,52.76360321044922,52.53537368774414,53.03449630737305,53.5312614440918,53.787391662597656,53.95307922363281,54.31330490112305,54.07746887207031,N2TN34,1.843808431102979,f_7
2026-01-28 13:00:00,709.0700073242188,709.0700073242188,673.0,659.8800048828125,659.8800048828125,659.8800048828125,659.8800048828125,655.7413330078125,666.3709106445312,670.6728515625,664.7365112304688,672.037109375,665.2035522460938,664.331787109375,664.6615600585938,P1HM34,1.8423204828499795,f_5
2026-01-29 20:37:02,181.0599975585937,178.63999938964844,180.0,177.47999572753906,176.22000122070312,159.75,145.0,144.1084442138672,144.47531127929688,146.11846923828125,144.99618530273438,146.04339599609375,147.64773559570312,147.23651123046875,146.36965942382812,A2XO34,1.826024548760776,f_6
2026-01-29 20:50:39,1337.7099609375,1339.8599853515625,1320.68994140625,1311.3800048828125,1265.1500244140625,1275.300048828125,1214.5,1224.21337890625,1236.6737060546875,1218.8526611328125,1207.868408203125,1208.8814697265625,1216.250732421875,1207.53076171875,1222.5452880859375,BOEI34,1.82574771961198,f_2
2026-01-29 17:33:58,42.810001373291016,47.25,45.540000915527344,45.47999954223633,47.97999954223633,47.810001373291016,47.0,47.8549690246582,47.68788528442383,46.87324142456055,46.51928329467773,46.27624130249024,45.646087646484375,45.942970275878906,46.14035415649414,L1MN34,1.8190830311876665,f_1
2026-01-29 21:10:00,106.30999755859376,108.11000061035156,108.01000213623048,111.6999969482422,112.98999786376952,108.88999938964844,104.51000213623048,104.6536102294922,104.25869750976562,105.1158218383789,105.79222869873048,106.38347625732422,105.27179718017578,103.35549926757812,103.12711334228516,C2RW34,1.792626622140574,f_5
2026-01-29 17:38:23,28.350000381469727,28.350000381469727,28.350000381469727,28.350000381469727,28.350000381469727,26.81999969482422,25.280000686645508,25.151683807373047,25.24202919006348,25.732107162475582,25.63873672485352,25.281627655029297,25.43012237548828,25.252450942993164,25.01303672790528,C2HD34,1.7883958210052948,f_3
2026-01-29 20:54:29,39.59999847412109,41.34999847412109,42.25,41.88999938964844,42.43999862670898,42.43000030517578,38.93999862670898,39.45639801025391,39.1984748840332,38.82347106933594,39.26485443115234,39.62960815429688,39.2901611328125,38.84571075439453,38.38639831542969,A1LB34,1.7709541651470084,f_5
2026-01-29 20:32:46,320.32000732421875,308.1600036621094,308.760009765625,310.3099975585937,307.2099914550781,307.989990234375,308.760009765625,308.6479187011719,309.4580078125,308.73846435546875,308.7718811035156,309.3934631347656,308.88983154296875,312.7193603515625,314.22760009765625,A1EP34,1.7708220491965958,f_8
2026-01-29 21:05:00,38.45000076293945,38.52000045776367,40.58000183105469,41.310001373291016,43.650001525878906,44.18999862670898,42.75,42.62091827392578,42.4554443359375,42.56559753417969,43.506134033203125,43.01696014404297,42.989524841308594,42.21582794189453,42.41193389892578,BPAC3,1.7687345805921053,f_4
2026-01-29 21:07:33,22.559999465942383,23.07999992370605,23.25,22.729999542236328,23.5,23.729999542236328,22.739999771118164,22.66840553283692,22.663015365600582,22.44363594055176,22.727100372314453,22.766008377075195,22.90725517272949,23.1406364440918,23.08162307739257,GGBR4,1.7618147625598362,f_7
2026-01-29 21:05:00,33.47999954223633,35.130001068115234,35.189998626708984,35.279998779296875,36.119998931884766,37.43999862670898,37.16999816894531,37.4821662902832,37.81909942626953,37.13222503662109,36.996185302734375,36.52672576904297,36.94190216064453,36.87008666992188,36.86589050292969,B1IL34,1.7463042488566172,f_2
2026-01-29 20:51:01,79.3499984741211,80.63999938964844,81.93000030517578,84.75,85.0,81.2699966430664,77.55000305175781,78.38326263427734,78.3387680053711,78.90208435058594,78.06959533691406,77.66961669921875,76.45616149902344,76.8940200805664,76.96854400634766,A1ZN34,1.743496125881168,f_3
2026-01-29 20:44:16,159.7100067138672,154.57000732421875,153.3300018310547,154.36000061035156,152.14999389648438,151.47000122070312,152.02000427246094,151.53785705566406,152.3978729248047,153.58558654785156,154.66871643066406,152.97952270507812,153.43505859375,151.97625732421875,152.39508056640625,BKNG34,1.7423444834641084,f_4
2026-01-29 21:06:00,2.940000057220459,3.059999942779541,3.119999885559082,3.180000066757202,3.319999933242798,3.390000104904175,3.2300000190734863,3.237146139144897,3.253983497619629,3.286076545715332,3.2523882389068604,3.229904890060425,3.2198326587677,3.235990524291992,3.232960700988769,BHIA3,1.7361153656565935,f_3
2026-01-29 20:42:33,837.4600219726562,834.5900268554688,840.0,850.52001953125,825.0,834.1599731445312,783.2999877929688,773.9215698242188,778.890380859375,781.7774658203125,789.3839721679688,789.477783203125,784.8097534179688,792.9240112304688,796.7280883789062,C1DN34,1.714298582305945,f_8
2026-01-29 21:05:00,4.900000095367432,4.949999809265137,4.900000095367432,4.679999828338623,4.440000057220459,4.449999809265137,4.110000133514404,4.18042516708374,4.148209571838379,4.086802959442139,4.103614807128906,4.100724697113037,4.142244815826416,4.097361564636231,4.135663986206055,B2YN34,1.7135044107435702,f_1
2026-01-28 13:00:00,58.0,58.0,58.0,58.0,58.0,58.0,58.0,57.861812591552734,57.81673431396485,57.66719055175781,57.90673828125,58.04571533203125,58.98923873901367,58.13785171508789,57.33059310913086,AHEB5,1.705584032782193,f_6
2026-01-29 21:07:59,10.760000228881836,11.4399995803833,12.050000190734863,11.949999809265137,11.949999809265137,12.18000030517578,11.93000030517578,11.970744132995604,11.890788078308104,12.132942199707031,11.8989839553833,11.656570434570312,11.772191047668455,11.685534477233888,11.755234718322754,ECOR3,1.701105526738373,f_3
2026-01-29 17:47:49,13.25,13.25,12.539999961853027,12.539999961853027,12.539999961853027,11.220000267028809,11.1899995803833,11.18960189819336,11.275753021240234,11.254053115844728,11.266828536987305,11.38007926940918,11.231664657592772,11.140669822692873,11.270767211914062,C2ZR34,1.6986568020887087,f_5
2026-01-29 18:56:16,13.59000015258789,13.699999809265137,14.15999984741211,13.979999542236328,13.460000038146973,13.460000038146973,12.9399995803833,12.883256912231444,13.157007217407228,12.919071197509766,12.85814094543457,12.983487129211426,13.032590866088867,13.088262557983398,13.158564567565918,X1YZ34,1.6890648707126386,f_8
2026-01-29 21:00:00,19.200000762939453,19.670000076293945,19.600000381469727,19.5,20.21999931335449,20.190000534057617,19.36000061035156,19.15974998474121,19.09854316711425,19.222795486450195,19.441301345825195,19.482345581054688,19.58488845825196,19.686996459960938,19.638341903686523,GGBR3,1.6890280955597397,f_7
2026-01-29 21:07:00,11.9399995803833,12.140000343322754,12.68000030517578,12.710000038146973,13.109999656677246,13.350000381469728,13.020000457763672,12.939789772033691,13.002992630004885,12.956448554992676,12.923443794250488,13.001465797424316,13.095473289489746,13.09701919555664,13.239766120910645,TUPY3,1.6879082597568498,f_8
2026-01-29 21:07:36,22.39999961853028,23.450000762939453,24.280000686645508,24.39999961853028,24.690000534057617,25.39999961853028,25.5,25.34881401062012,25.08568572998047,25.31646156311035,25.319799423217773,25.64885139465332,25.64643096923828,25.50335502624512,25.92972183227539,BBAS3,1.6851836559819242,f_8
2026-01-29 21:15:00,103.83999633789062,104.8499984741211,102.3000030517578,103.0,100.70999908447266,99.51000213623048,125.0,127.09915161132812,125.97066497802734,124.22697448730467,124.55931854248048,122.08616638183594,122.9846420288086,122.83028411865234,120.19615173339844,HPQB34,1.6793212890625,f_1
2026-01-29 20:42:21,502.3999938964844,500.0,495.6099853515625,495.6099853515625,570.489990234375,570.489990234375,534.469970703125,543.4242553710938,528.0719604492188,523.4122924804688,533.6548461914062,538.1279907226562,536.17626953125,537.5391845703125,527.4115600585938,G1LW34,1.6753578608333954,f_1
2026-01-29 21:07:58,48.91999816894531,50.310001373291016,51.79999923706055,51.54999923706055,53.04999923706055,52.970001220703125,51.41999816894531,51.54770278930664,52.28041458129883,51.31070327758789,51.12249374389648,51.036808013916016,50.041770935058594,51.83577346801758,51.90045166015625,ENGI11,1.6733108576288458,f_2
2026-01-28 13:00:00,85.5999984741211,85.5999984741211,83.76000213623047,84.0,84.0,84.0,83.94000244140625,83.90492248535156,83.94628143310547,83.815673828125,83.81031036376953,84.06893920898438,84.66229248046875,84.75029754638672,85.34332275390625,T1EV34,1.6718135235695022,f_8
2026-01-29 21:07:34,6.269999980926514,6.329999923706055,6.519999980926514,6.400000095367432,6.539999961853027,6.96999979019165,6.630000114440918,6.604227066040039,6.677549362182617,6.739461421966553,6.645956993103027,6.666872501373291,6.688560485839844,6.688788414001465,6.603288650512695,USIM5,1.651000085010786,f_3
2026-01-28 13:00:00,35.150001525878906,35.150001525878906,35.150001525878906,35.150001525878906,35.150001525878906,35.150001525878906,33.459999084472656,33.81729507446289,33.731170654296875,33.78089904785156,34.00874710083008,33.629913330078125,33.167945861816406,33.04469299316406,33.22038269042969,H1DB34,1.640012048332877,f_4
2026-01-29 16:49:35,56.9900016784668,56.9900016784668,57.20000076293945,57.119998931884766,57.119998931884766,54.20000076293945,53.7599983215332,53.79747009277344,53.64163589477539,54.243778228759766,54.64005279541016,54.27894592285156,53.80863571166992,53.340579986572266,53.62038803100586,ADPR34,1.6370061409106356,f_4
2026-01-29 20:22:24,5.400000095367432,5.670000076293945,5.679999828338623,5.369999885559082,5.510000228881836,5.380000114440918,5.25,5.258198261260986,5.213268280029297,5.248706817626953,5.24934720993042,5.242990016937256,5.2809271812438965,5.335529327392578,5.222139835357666,CTXT11,1.6291300455729167,f_7
2026-01-29 20:37:25,44.468936920166016,44.46894073486328,43.790000915527344,47.0,49.0,49.0,51.0,51.16445159912109,51.363555908203125,50.70681381225586,50.64251708984375,50.87016677856445,51.8295783996582,50.71450805664063,50.39348983764648,BGIP3,1.6266243130553002,f_6
2026-01-29 21:07:32,60.0,61.11000061035156,62.4900016784668,62.47999954223633,65.88999938964844,64.0,61.209999084472656,61.9548454284668,62.20450973510742,61.42763137817383,61.4194221496582,62.021949768066406,61.23899459838867,60.99605178833008,61.987098693847656,MOAR3,1.62475194495967,f_2
2026-01-29 21:07:48,4.199999809265137,4.360000133514404,4.489999771118164,4.579999923706055,4.619999885559082,4.610000133514404,4.400000095367432,4.363382339477539,4.426442623138428,4.385561466217041,4.458402633666992,4.47100305557251,4.416201591491699,4.409938812255859,4.459136009216309,POSI3,1.6137036060484191,f_5
2026-01-29 21:00:00,1.5499999523162842,1.600000023841858,1.600000023841858,1.5700000524520874,1.5499999523162842,1.4500000476837158,1.4199999570846558,1.4400222301483154,1.423329472541809,1.4243407249450684,1.4139797687530518,1.4218437671661377,1.4205400943756104,1.4310044050216677,1.442883014678955,FICT3,1.611482977878365,f_8
2026-01-29 21:15:00,9.380000114440918,9.850000381469728,9.829999923706056,10.029999732971191,9.25,12.039999961853027,10.890000343322754,10.648829460144045,10.71157455444336,10.899299621582031,10.865869522094728,11.056286811828612,11.065271377563477,10.727021217346191,10.994757652282717,P2AT34,1.609467664968356,f_6
2026-01-28 13:00:00,74.04000091552734,74.04000091552734,74.04000091552734,74.04000091552734,74.04000091552734,74.04000091552734,70.55000305175781,71.2878646850586,71.11000061035156,71.21269226074219,71.68321990966797,70.9009017944336,69.9468994140625,69.69236755371094,70.05518341064453,LOWC34,1.6062605370531182,f_4
2026-01-29 21:07:48,0.3600000143051147,0.3600000143051147,0.3400000035762787,0.3400000035762787,0.3499999940395355,0.3199999928474426,0.3000000119209289,0.2976447939872741,0.3002623319625854,0.3020910322666168,0.2984199523925781,0.3047937452793121,0.3029487729072571,0.3032444417476654,0.3006504476070404,AZEV3,1.597911055965779,f_5
2026-01-29 20:08:06,2.5899999141693115,2.539999961853028,2.5999999046325684,2.549999952316284,2.5799999237060547,2.5799999237060547,2.470000028610229,2.460043907165528,2.4718947410583496,2.4759521484375,2.454702377319336,2.466883659362793,2.4776482582092285,2.5094358921051025,2.4853527545928955,NUTR3,1.5965936452665566,f_7
2026-01-29 20:32:46,206.8300018310547,201.38999938964844,203.4499969482422,200.8000030517578,197.3999938964844,197.5200042724609,198.6000061035156,198.1004638671875,198.4403076171875,198.6732635498047,199.0680084228516,198.54702758789065,199.24703979492188,201.0920562744141,201.768310546875,V1TA34,1.5953194088563976,f_8
2026-01-29 20:37:43,595.6099853515625,561.1199951171875,571.0,571.0,571.0,530.280029296875,533.1400146484375,536.089111328125,534.8184814453125,541.634033203125,535.9490356445312,530.1326904296875,540.1880493164062,532.2828369140625,534.0138549804688,TGTB34,1.593205972410196,f_3
2026-01-29 21:00:00,4.610000133514404,4.559999942779541,4.699999809265137,4.71999979019165,4.539999961853027,4.559999942779541,4.510000228881836,4.49583911895752,4.494981288909912,4.494068145751953,4.527546405792236,4.536398887634277,4.569969177246094,4.58104133605957,4.539551734924316,ALPK3,1.5751907665722578,f_7
2026-01-29 20:54:30,69.58000183105469,69.31999969482422,68.6500015258789,68.08999633789062,66.0,65.98999786376953,65.93000030517578,66.08131408691406,65.63401794433594,65.86469268798828,65.727294921875,65.86971282958984,66.00990295410156,66.5023422241211,66.96693420410156,QCOM34,1.5727800608615763,f_8
2026-01-28 13:00:00,36.0,36.0,32.79999923706055,32.79999923706055,32.79999923706055,31.39999961853028,31.39999961853028,31.467409133911133,31.89309501647949,31.54549026489257,31.55261611938477,31.64202690124512,31.216716766357425,31.32113265991211,31.480070114135746,RIOS3,1.5703675284703678,f_2
2026-01-29 15:22:58,37.0099983215332,37.84000015258789,37.61000061035156,37.040000915527344,36.20000076293945,35.5,34.349998474121094,34.27329635620117,34.07688903808594,34.34919738769531,34.269264221191406,34.35136032104492,34.31428527832031,34.65774917602539,34.88703918457031,D1OW34,1.5634373633344387,f_8
2026-01-29 20:36:11,43.790000915527344,43.790000915527344,43.5099983215332,42.209999084472656,43.5,44.790000915527344,45.220001220703125,45.65658187866211,45.92696380615234,45.25395584106445,44.90150833129883,44.79581832885742,44.72203063964844,44.52516174316406,44.76337432861328,CEEB3,1.563384711112191,f_2
2026-01-29 19:35:11,649.0900268554688,639.5,639.780029296875,638.75,616.530029296875,648.5900268554688,575.8200073242188,576.6575317382812,584.7789306640625,583.083740234375,573.1599731445312,569.8145141601562,581.5677490234375,583.5594482421875,573.6060791015625,FSLR34,1.555854820237147,f_2
2026-01-28 13:00:00,300.67999267578125,300.67999267578125,300.67999267578125,300.67999267578125,300.67999267578125,341.0,341.0,346.2904663085937,345.0333557128906,340.5419311523437,342.47039794921875,339.4847412109375,335.4755554199219,332.4378967285156,335.49249267578125,TSNF34,1.5514563954820382,f_1
2026-01-27 13:00:00,78.95999908447266,74.63999938964844,74.31999969482422,71.68000030517578,71.33000183105469,75.38999938964844,75.76000213623047,75.9823226928711,76.93440246582031,76.70771789550781,76.33557891845703,76.24421691894531,76.15306854248047,74.94719696044922,73.45369720458984,I2NG34,1.5501587862656805,f_2
2026-01-29 20:54:30,112.44000244140624,109.0199966430664,108.36000061035156,108.0,105.2699966430664,104.3499984741211,106.1999969482422,106.5840301513672,106.9508819580078,107.83702087402344,106.49250030517578,106.41705322265624,105.99171447753906,104.39801025390624,105.22985076904295,U1BE34,1.541453835049612,f_3
2026-01-29 21:07:39,8.489999771118164,8.630000114440918,9.550000190734863,9.609999656677246,9.949999809265137,9.710000038146973,9.510000228881836,9.37528133392334,9.48838996887207,9.646953582763672,9.656044960021973,9.492551803588867,9.36069393157959,9.326172828674316,9.3330078125,BRKM5,1.5356963998444435,f_4
2026-01-29 21:10:00,19.420000076293945,20.020000457763672,19.600000381469727,19.700000762939453,18.459999084472656,22.0,21.989999771118164,22.179162979125977,21.363937377929688,21.53120803833008,21.9591064453125,21.755239486694336,21.825550079345703,22.327545166015625,21.765295028686523,LBRD34,1.5349949904992526,f_7
2026-01-29 21:07:38,99.69000244140624,102.95999908447266,103.95999908447266,102.4000015258789,103.41999816894533,99.7699966430664,97.36000061035156,96.43864440917967,96.72394561767578,97.12171173095705,97.70541381835938,97.2695541381836,98.27976989746094,98.4125518798828,98.84072875976562,EMBJ3,1.520879355106154,f_8
2026-01-28 13:00:00,65.55999755859375,65.55999755859375,65.55999755859375,65.55999755859375,65.55999755859375,65.55999755859375,65.55999755859375,65.42181396484375,65.3767318725586,65.22718811035156,65.46673583984375,65.605712890625,66.54924011230469,65.69784545898438,64.89058685302734,H1TH34,1.5089118220707824,f_6
2026-01-29 21:12:00,153.75,156.85000610351562,156.36000061035156,159.8000030517578,151.5500030517578,149.0,144.02999877929688,141.67465209960938,142.39422607421875,144.48020935058594,144.49874877929688,145.21279907226562,145.2281951904297,146.19447326660156,144.15968322753906,ORCL34,1.5027942134620171,f_7
2026-01-29 21:10:00,63.56999969482422,65.3499984741211,67.48999786376953,67.62999725341797,64.22000122070312,63.56999969482422,65.26000213623047,65.08438110351562,65.32796478271484,66.02620697021484,65.4591293334961,66.23938751220703,66.01428985595703,65.695068359375,65.38014221191406,INTU34,1.500743708117098,f_5
2026-01-28 13:00:00,17.25,17.25,17.25,17.25,16.0,16.0,16.0,15.945566177368164,15.992384910583496,16.175642013549805,16.0362606048584,15.992034912109377,16.005218505859375,16.152790069580078,16.239625930786133,CALI3,1.49766206741333,f_8
2026-01-29 21:06:00,6.269999980926514,6.599999904632568,6.820000171661377,7.199999809265137,7.599999904632568,7.440000057220459,7.409999847412109,7.478875637054443,7.520467758178711,7.328164100646973,7.265457630157471,7.337372303009033,7.376632690429687,7.307643413543701,7.409975528717041,JSLG3,1.4907950477918257,f_2
2026-01-28 13:00:00,49.09999847412109,49.5,49.5,50.5,49.5099983215332,48.70000076293945,48.70000076293945,48.365047454833984,48.40602111816406,48.60160446166992,48.85276412963867,48.91757583618164,49.17597579956055,49.15185546875,49.423824310302734,WUNI34,1.4862906283855928,f_8
2026-01-29 21:07:49,115.44000244140624,122.62000274658205,121.98999786376952,122.9499969482422,119.48999786376952,125.1999969482422,128.92999267578125,129.70315551757812,130.84225463867188,129.52700805664062,128.40066528320312,127.50672912597656,126.79621124267578,127.07329559326172,128.28001403808594,AURA33,1.48317852441004,f_2
2026-01-28 13:00:00,47.81999969482422,47.81999969482422,47.81999969482422,47.81999969482422,47.81999969482422,47.81999969482422,45.75,46.187644958496094,46.0821533203125,46.143062591552734,46.422142028808594,45.9581298828125,45.39228820800781,45.2413215637207,45.45651626586914,O1TI34,1.4691629044996584,f_4
2026-01-27 13:00:00,10.5,9.989999771118164,9.970000267028809,9.779999732971191,9.760000228881836,10.15999984741211,9.989999771118164,10.029962539672852,9.998945236206056,10.07323169708252,10.136585235595703,10.038259506225586,10.042108535766602,9.99718189239502,10.047263145446776,P2CF34,1.467322000360086,f_4
2026-01-29 21:11:00,110.0,106.8000030517578,105.0999984741211,103.51000213623048,112.41999816894533,110.51000213623048,111.0,112.02886962890624,112.62499237060548,111.57771301269533,110.12767791748048,110.407470703125,108.7405014038086,110.20660400390624,109.70246124267578,GMCO34,1.4639570906355577,f_2
2026-01-29 16:03:06,60.79999923706055,62.15999984741211,62.27999877929688,63.34999847412109,61.02000045776367,61.02000045776367,55.7599983215332,55.32437896728516,54.80849838256836,56.13986587524414,56.366241455078125,56.17330551147461,56.00498580932617,56.57291030883789,56.126224517822266,W1DA34,1.457876635176942,f_7
2026-01-29 19:56:10,52.959999084472656,52.43999862670898,51.150001525878906,51.400001525878906,50.79999923706055,51.09999847412109,51.560001373291016,51.59296417236328,51.83076858520508,52.31136322021485,52.19514465332031,51.57558059692383,51.53588485717773,51.63330459594727,51.54286956787109,I1EX34,1.4572572282999332,f_3
2026-01-29 21:10:00,14.90999984741211,14.989999771118164,14.920000076293944,15.039999961853027,14.489999771118164,13.869999885559082,13.699999809265137,13.775574684143066,13.584423065185549,13.535517692565918,13.584856986999512,13.754349708557127,13.817212104797363,13.851381301879885,13.897274017333984,PYPL34,1.4399577431777306,f_8
2026-01-29 20:53:46,4.130000114440918,4.119999885559082,4.190000057220459,4.159999847412109,4.090000152587891,3.849999904632568,3.819999933242798,3.822883367538452,3.788063287734986,3.808450222015381,3.8680357933044434,3.874979734420776,3.815786838531494,3.8121962547302246,3.8571152687072754,DOTZ3,1.4392618360939646,f_5
2026-01-28 13:00:00,198.47999572753903,198.47999572753903,198.47999572753903,198.47999572753903,221.97999572753903,215.3999938964844,215.3999938964844,212.3575897216797,217.77276611328125,218.47314453125,216.03956604003903,214.31092834472656,212.02264404296875,211.53335571289065,209.1833648681641,S1OU34,1.4267180695661956,f_3
2026-01-29 20:54:29,48.34000015258789,47.43999862670898,45.79999923706055,45.29999923706055,43.70000076293945,43.0099983215332,41.380001068115234,41.45425796508789,41.89918899536133,41.64376068115234,41.0835075378418,41.38019561767578,41.38268661499024,41.97016143798828,41.21818161010742,C2OI34,1.426197087094293,f_7
2026-01-29 20:47:20,10.75,11.489999771118164,11.640000343322754,11.449999809265137,11.449999809265137,11.25,11.25,11.149680137634276,11.14427661895752,11.067336082458496,11.099454879760742,11.124604225158691,11.157724380493164,11.278958320617676,11.409915924072266,TELB3,1.4214748806423612,f_8
2026-01-29 20:45:12,12.289999961853027,12.210000038146973,11.989999771118164,11.93000030517578,11.630000114440918,11.25,10.720000267028809,10.872103691101074,10.865073204040527,10.864099502563477,10.696111679077148,10.871539115905762,10.7637357711792,10.65865707397461,10.461170196533203,U2PS34,1.4188751892113816,f_1
2026-01-29 18:55:26,131.1699981689453,123.44000244140624,121.55999755859376,120.0,116.87999725341795,116.87999725341795,113.5199966430664,113.37818145751952,115.12152099609376,113.6100082397461,114.7219009399414,112.73651885986328,111.8692398071289,113.75399780273438,114.5496597290039,S1LG34,1.4107861173242573,f_2
2026-01-29 18:01:44,418.1400146484375,417.0,417.0,408.3200073242188,408.3200073242188,387.4800109863281,379.739990234375,385.0966796875,379.70892333984375,378.3051452636719,381.1013488769531,381.19525146484375,378.6736145019531,382.514404296875,381.0274353027344,S1YF34,1.4106203167643363,f_1
2026-01-29 20:47:31,34.279998779296875,32.34000015258789,32.880001068115234,33.540000915527344,34.02000045776367,33.060001373291016,33.119998931884766,33.12691116333008,33.04118347167969,33.13559341430664,33.45646286010742,33.579978942871094,33.29986572265625,33.41753005981445,33.439178466796875,E1CO34,1.3888285803762614,f_5
2026-01-29 21:11:00,71.97000122070312,74.19999694824219,73.91000366210938,71.80000305175781,69.69999694824219,71.3499984741211,67.48999786376953,67.64909362792969,67.33283996582031,68.38333892822266,67.64139556884766,68.20072174072266,68.41835021972656,67.71083068847656,67.24880981445312,TSLA34,1.3755406509731067,f_6
2026-01-29 21:07:00,10.770000457763672,11.390000343322754,10.699999809265137,11.350000381469728,11.789999961853027,12.050000190734863,11.789999961853027,11.74924373626709,11.791024208068848,11.515167236328123,11.78572940826416,11.773783683776855,11.951826095581056,11.90011978149414,11.74196720123291,SEER3,1.372571113245307,f_6
2026-01-28 13:00:00,17.700000762939453,17.700000762939453,17.700000762939453,17.579999923706055,17.579999923706055,16.5,16.5,16.38089942932129,16.307350158691406,16.485246658325195,16.458637237548828,16.59335708618164,16.692262649536133,16.72501564025879,16.649587631225586,M1LC34,1.36373115308357,f_7
2026-01-28 13:00:00,47.29999923706055,47.29999923706055,47.29999923706055,46.0,46.0,44.369998931884766,44.369998931884766,44.07925033569336,44.06449890136719,44.129974365234375,44.741172790527344,44.58126831054688,44.973392486572266,44.72896194458008,44.81431579589844,R1YA34,1.3599133856500836,f_6
2026-01-28 13:00:00,72.75,72.75,72.75,72.75,72.75,72.75,72.75,72.61181640625,72.56673431396484,72.41719055175781,72.65673828125,72.79571533203125,73.73924255371094,72.88784790039062,72.0805892944336,L1VS34,1.3597835789841064,f_6
2026-01-29 21:11:00,32.13999938964844,33.400001525878906,32.650001525878906,32.16999816894531,32.279998779296875,32.54999923706055,32.369998931884766,32.30073547363281,32.38119888305664,32.425804138183594,32.453250885009766,32.571510314941406,32.63735580444336,32.71360778808594,32.808937072753906,BABA34,1.3560029513525325,f_8
2026-01-29 21:05:00,0.8700000047683716,0.8700000047683716,0.8500000238418579,0.8600000143051147,0.8500000238418579,0.8100000023841858,0.8100000023841858,0.8036060333251953,0.8106521368026733,0.8155047297477722,0.8182461261749268,0.8209766745567322,0.8179319500923157,0.8068883419036865,0.8044415712356567,ARND3,1.3551447086712616,f_5
2026-01-29 20:45:22,196.6699981689453,197.0,188.0,189.47999572753903,180.5,177.17999267578125,174.67999267578125,176.14012145996094,176.60317993164062,174.65130615234375,172.08323669433594,177.04220581054688,174.6973419189453,175.48141479492188,176.52879333496094,F2IC34,1.3523089270733275,f_5
2026-01-29 21:06:00,4.489999771118164,4.650000095367432,4.860000133514404,4.840000152587891,4.920000076293945,5.0,4.880000114440918,4.890477657318115,4.857172012329102,4.911155700683594,4.945737361907959,4.862654209136963,4.81786584854126,4.812018871307373,4.811161994934082,LWSA3,1.3470747115868105,f_4
2026-01-29 20:54:30,93.4499969482422,92.23999786376952,90.4499969482422,91.04000091552734,90.0,90.76000213623048,91.5500030517578,91.55636596679688,91.5670394897461,91.59476470947266,91.44124603271484,92.01256561279295,91.83123779296876,92.19998931884766,92.76473236083984,DEEC34,1.326847917629543,f_8
2026-01-29 13:29:05,4.889999866485596,4.980000019073486,4.980000019073486,4.769999980926514,5.150000095367432,4.809999942779541,4.980000019073486,4.973186492919922,4.971349239349365,4.974094867706299,4.949450492858887,4.895227432250977,4.949120998382568,5.045901298522949,5.021420478820801,PLAS3,1.3233188593787115,f_7
2026-01-29 21:07:46,16.68000030517578,17.3700008392334,17.040000915527344,17.200000762939453,17.270000457763672,17.600000381469727,17.270000457763672,17.240903854370117,17.241804122924805,17.187580108642578,17.21146583557129,17.248767852783203,17.31640625,17.390222549438477,17.49778938293457,CXSE3,1.3189862138567383,f_8
2026-01-29 21:10:00,1.0199999809265137,1.0199999809265137,1.0299999713897705,1.0,1.0099999904632568,1.1299999952316284,1.059999942779541,1.060113787651062,1.0614598989486694,1.0700095891952517,1.058112621307373,1.0605671405792236,1.0437986850738523,1.0691334009170532,1.0739703178405762,JFEN3,1.3179599825639536,f_8
2026-01-29 21:05:00,3.5999999046325684,3.450000047683716,3.400000095367432,3.3499999046325684,3.289999961853028,3.240000009536743,3.0199999809265137,3.046463251113892,3.0385749340057373,3.05973482131958,3.0193305015563965,3.058122396469116,3.039386510848999,2.9938385486602783,2.963059663772583,TRAD3,1.3157232001331354,f_3
2026-01-29 21:07:43,10.890000343322754,11.100000381469728,11.369999885559082,11.260000228881836,11.510000228881836,12.5,12.020000457763672,11.96894073486328,11.919047355651855,11.965014457702637,12.041956901550291,12.084113121032717,12.177322387695312,12.090099334716797,11.92492389678955,CEAB3,1.3088346417659826,f_6
2026-01-29 20:32:47,698.0499877929688,672.719970703125,662.4400024414062,671.1900024414062,654.27001953125,666.25,618.760009765625,616.6919555664062,625.5416870117188,626.8499755859375,624.1444091796875,622.2670288085938,612.253662109375,621.7909545898438,626.5482788085938,S1NP34,1.3074480723757231,f_3
2026-01-29 20:54:11,292.510009765625,293.010009765625,299.29998779296875,294.8800048828125,290.45001220703125,276.2099914550781,262.8599853515625,266.28875732421875,260.3233642578125,261.4417724609375,262.5476379394531,265.7275390625,263.6382141113281,264.4305725097656,264.8240051269531,P2LT34,1.3044100143543849,f_1
2026-01-29 20:40:24,20.31999969482422,20.31999969482422,19.940000534057617,19.5,19.5,18.34000015258789,18.0,18.03314208984375,18.23460578918457,18.02720642089844,17.943063735961914,17.946331024169922,17.931705474853516,18.014148712158203,18.215240478515625,F1NI34,1.303365495469835,f_2
2026-01-29 21:10:00,13.210000038146973,13.520000457763672,13.970000267028809,14.31999969482422,13.699999809265137,13.0,11.93000030517578,11.915811538696287,11.708853721618652,11.876371383666992,12.085460662841797,12.049263954162598,12.071742057800291,11.977621078491213,11.920656204223633,N1OW34,1.3031043896836263,f_4
2026-01-29 21:08:00,1.690000057220459,1.6699999570846558,1.5800000429153442,1.6799999475479126,1.7899999618530271,1.7899999618530271,1.9900000095367432,2.0159263610839844,1.963509202003479,1.9838597774505613,1.9860585927963257,1.987943172454834,1.9769026041030884,1.9688657522201536,1.9960777759552,RVEE3,1.3028317297986682,f_1
2026-01-29 18:45:52,10.529999732971191,10.470000267028809,10.93000030517578,11.640000343322754,12.539999961853027,12.899999618530272,12.399999618530272,12.561509132385254,12.432217597961426,12.340746879577637,12.285329818725586,12.278676986694336,12.332676887512209,12.33349609375,12.240938186645508,K2CG34,1.3024961195452327,f_1
2026-01-28 13:00:00,76.0,76.0,76.0,76.0,76.0,76.0,76.0,75.86181640625,75.81673431396484,75.66719055175781,75.90673828125,76.04571533203125,76.98924255371094,76.13784790039062,75.3305892944336,MTSA3,1.3016349390933388,f_6
2026-01-29 21:07:53,4.050000190734863,4.349999904632568,4.409999847412109,4.550000190734863,4.550000190734863,4.590000152587891,4.519999980926514,4.428492546081543,4.4427490234375,4.461096286773682,4.476163387298584,4.576472282409668,4.578683376312256,4.557894706726074,4.549625396728516,COGN3,1.298305213127749,f_6
2026-01-28 13:00:00,76.23999786376953,76.23999786376953,76.23999786376953,76.23999786376953,76.23999786376953,76.23999786376953,76.23999786376953,76.10181427001953,76.05673217773438,75.90718841552734,76.14673614501953,76.28571319580078,77.22924041748047,76.37784576416016,75.57058715820312,A1SN34,1.297537488758301,f_6
2026-01-28 13:00:00,28.799999237060547,31.81999969482422,32.779998779296875,32.779998779296875,32.779998779296875,32.779998779296875,32.779998779296875,32.484066009521484,32.150230407714844,32.22211456298828,32.54004669189453,32.26436233520508,32.54285430908203,32.759239196777344,33.204498291015625,U1AI34,1.2949955080134248,f_8
2026-01-29 21:00:00,1.8600000143051147,1.7699999809265137,1.7200000286102295,1.600000023841858,1.7000000476837158,1.7000000476837158,1.7000000476837158,1.6823984384536743,1.6801046133041382,1.701868176460266,1.721988558769226,1.6971313953399658,1.6849383115768433,1.6832836866378784,1.703230857849121,RSID3,1.2934417922793615,f_4
2026-01-29 18:38:08,8.869999885559082,9.109999656677246,8.920000076293945,9.140000343322754,8.90999984741211,8.859999656677246,8.890000343322754,8.887514114379883,8.88309383392334,8.892250061035156,8.92696762084961,8.895085334777832,8.976495742797852,8.937088966369629,9.004283905029297,G1LP34,1.2855293283805205,f_8
2026-01-29 14:32:23,25.31999969482422,25.31999969482422,25.31999969482422,24.420000076293945,24.420000076293945,24.420000076293945,22.32999992370605,22.429906845092773,22.616134643554688,22.54659843444824,22.394420623779297,22.30709648132324,22.30781936645508,22.4431266784668,22.45512962341309,N1IC34,1.2813914949675635,f_2
2026-01-29 20:42:47,168.94000244140625,182.2400054931641,180.17999267578125,190.0,189.8099975585937,195.0,192.1699981689453,192.7265625,191.03843688964844,188.0430908203125,190.001205444336,190.3631591796875,194.6191253662109,193.1825561523437,191.3372802734375,A1NE34,1.27445866711852,f_6
2026-01-29 21:10:00,56.11000061035156,55.5,54.31999969482422,56.150001525878906,55.0,53.400001525878906,52.90999984741211,52.96902847290039,53.58342361450195,53.33819961547852,53.15861129760742,52.74199676513672,52.8082389831543,52.800819396972656,52.49863052368164,P1DD34,1.2727721962425629,f_2
2026-01-29 20:16:05,115.0999984741211,115.0999984741211,115.0999984741211,110.9499969482422,109.76000213623048,108.3499984741211,98.55999755859376,98.94245910644533,99.39598846435548,99.27088928222656,99.8094482421875,98.89075469970705,98.01156616210938,98.50609588623048,99.37002563476562,W1HR34,1.267705676282057,f_4
2026-01-29 20:17:47,21.530000686645508,22.239999771118164,23.040000915527344,24.479999542236328,25.020000457763672,24.700000762939453,24.18000030517578,23.976306915283203,23.92348861694336,24.049989700317383,24.485885620117188,24.132539749145508,23.908092498779297,23.471769332885746,23.64720726013184,G1DS34,1.265034371715582,f_4
2026-01-29 16:24:43,200.6000061035156,200.6000061035156,200.6000061035156,200.6000061035156,200.6000061035156,200.6000061035156,193.1100006103516,194.69357299804688,194.3118591308593,194.53224182128903,195.5420684814453,193.86309814453125,191.815673828125,191.26942443847656,192.048080444336,U1DR34,1.259420984623714,f_4
2026-01-28 13:00:00,62.70000076293945,62.70000076293945,66.98999786376953,66.98999786376953,66.98999786376953,66.98999786376953,66.98999786376953,66.35421752929688,67.00363159179688,67.41499328613281,67.83146667480469,66.23299407958984,65.90936279296875,66.08358764648438,66.56633758544922,L1EG34,1.2561111178811537,f_4
2026-01-28 13:00:00,78.80000305175781,78.80000305175781,78.80000305175781,78.80000305175781,78.80000305175781,78.80000305175781,78.80000305175781,78.66181945800781,78.61673736572266,78.46719360351562,78.70674133300781,78.84571838378906,79.78924560546875,78.93785095214844,78.1305923461914,N1WS35,1.2553839027914482,f_6
2026-01-29 21:11:00,12.489999771118164,12.25,12.369999885559082,12.199999809265137,11.9399995803833,11.920000076293944,10.609999656677246,10.742945671081545,10.686834335327148,10.62639045715332,10.627260208129885,10.713438034057615,10.681999206542969,10.521886825561523,10.552499771118164,M2ST34,1.2530256239982935,f_1
2026-01-28 13:00:00,79.0,79.0,79.0,79.0,79.0,79.0,79.0,78.86181640625,78.81673431396484,78.66719055175781,78.90673828125,79.04571533203125,79.98924255371094,79.13784790039062,78.3305892944336,AXIA5,1.25220576419106,f_6
2026-01-29 21:10:00,169.39999389648438,165.89999389648438,161.86000061035156,163.8800048828125,160.6199951171875,161.5,163.99000549316406,162.94256591796875,163.57977294921875,165.04949951171875,166.03858947753906,165.9335174560547,164.37640380859375,165.29925537109375,164.87916564941406,GSGI34,1.2492127055025897,f_4
2026-01-29 21:05:00,130.9199981689453,128.97999572753906,129.8699951171875,129.14999389648438,125.83999633789062,125.77999877929688,122.5500030517578,122.24313354492188,122.95172119140624,122.88133239746094,124.07604217529295,123.30796813964844,122.347900390625,121.5998764038086,122.8044204711914,COWC34,1.2452379318918894,f_4
2026-01-29 15:42:26,560.0,579.6900024414062,569.0,569.0,549.8499755859375,549.8499755859375,555.9000244140625,554.78173828125,553.4248046875,553.14013671875,554.0691528320312,557.1407470703125,561.6625366210938,562.8052368164062,561.9918823242188,DVAI34,1.2421680336535474,f_7
2026-01-29 20:23:52,73.72000122070312,75.18000030517578,73.8499984741211,73.04000091552734,74.0999984741211,72.25,73.22000122070312,73.01963806152344,73.06239318847656,72.9794692993164,73.17552947998047,73.25032806396484,73.44558715820312,73.39707946777344,74.12935638427734,USBC34,1.241949123755404,f_8
2026-01-29 17:13:01,77.3499984741211,77.54000091552734,78.16000366210938,76.56999969482422,74.80000305175781,73.5,70.4800033569336,70.81278991699219,70.63257598876953,70.20280456542969,70.9655532836914,71.115234375,70.62596130371094,70.55329132080078,71.35497283935547,A1RE34,1.241443587893641,f_8
2026-01-29 21:05:00,5.519999980926514,5.46999979019165,5.480000019073486,5.610000133514404,5.71999979019165,5.699999809265137,5.510000228881836,5.499942779541016,5.505369186401367,5.471455097198486,5.511602401733398,5.564614295959473,5.5782470703125,5.5413336753845215,5.517457008361816,TASA3,1.2385996115378315,f_6
2026-01-28 13:00:00,183.9199981689453,174.55999755859375,200.0,200.0,200.0,200.0,200.0,200.719467163086,202.47547912597656,199.913818359375,197.2723388671875,195.40606689453125,195.8415069580078,194.3739624023437,194.2140655517578,FRIO3,1.2377395629882812,f_2
2026-01-28 13:00:00,807.0,784.4299926757812,784.4299926757812,784.4299926757812,784.4299926757812,784.4299926757812,784.4299926757812,786.1964721679688,784.3192138671875,782.2236938476562,783.0822143554688,785.252197265625,785.5751953125,794.0972900390625,792.5060424804688,E1MR34,1.2323977223646156,f_7
2026-01-29 20:45:26,11.029999732971191,11.06999969482422,11.1899995803833,11.289999961853027,10.710000038146973,10.479999542236328,9.9399995803833,10.062175750732422,9.859662055969238,9.937908172607422,9.954392433166504,10.01809310913086,9.891735076904297,9.956137657165527,10.02352809906006,U2ST34,1.229136574514924,f_1
2026-01-28 13:00:00,50.400001525878906,50.400001525878906,53.16999816894531,53.16999816894531,53.16999816894531,52.2400016784668,48.400001525878906,48.99324798583984,48.11653137207031,48.27397918701172,48.32184600830078,48.56731414794922,48.89344024658203,48.81753921508789,48.427040100097656,VFCO34,1.2257157877231382,f_1
2026-01-28 13:00:00,119.95999908447266,119.95999908447266,119.95999908447266,119.95999908447266,151.1999969482422,151.35000610351562,151.35000610351562,151.2903594970703,150.23904418945312,148.7122039794922,147.12728881835938,150.73741149902344,151.88223266601562,153.20333862304688,151.47714233398438,STMN34,1.2245341557922804,f_7
2026-01-29 18:18:37,157.75999450683594,161.60000610351562,156.3000030517578,156.3000030517578,156.3000030517578,156.3000030517578,157.52000427246094,157.73809814453125,157.24655151367188,157.6509552001953,158.1963348388672,158.28506469726562,158.2812957763672,159.4453125,158.98590087890625,D1OM34,1.2222626811315178,f_7
2026-01-29 19:42:10,94.41000366210938,99.41999816894533,96.5999984741211,96.5999984741211,96.5999984741211,92.87999725341795,90.05999755859375,91.15377807617188,90.19082641601562,89.7271728515625,90.24874877929688,89.4473876953125,90.0332260131836,90.63571166992188,89.97881317138672,A1LN34,1.2145020511093203,f_1
2026-01-29 21:05:00,41.869998931884766,41.52999877929688,41.29999923706055,41.18999862670898,39.560001373291016,41.93000030517578,43.2599983215332,43.33562088012695,42.9945068359375,43.18330764770508,43.78433990478516,43.399410247802734,42.756465911865234,42.65796661376953,43.12818145751953,ATTB34,1.2120702810821784,f_4
2026-01-29 20:54:44,1.6699999570846558,1.6200000047683716,1.6100000143051147,1.6299999952316284,1.6200000047683716,1.6299999952316284,1.600000023841858,1.602871298789978,1.6018837690353394,1.603171944618225,1.6092767715454102,1.5951584577560425,1.589425563812256,1.6193839311599731,1.607401967048645,G2DI33,1.211494189329532,f_7
2026-01-29 16:26:17,30.5,30.39999961853028,30.0,30.100000381469727,32.9900016784668,31.0,31.989999771118164,32.270484924316406,31.74246406555176,32.374629974365234,32.307003021240234,32.249481201171875,31.76742172241211,31.52153587341309,31.65660095214844,EQMA3B,1.2023451265989995,f_3
2026-01-28 13:00:00,564.0,564.0,564.0,564.0,530.8200073242188,530.8200073242188,530.8200073242188,529.375,530.6177978515625,535.482177734375,531.7824096679688,530.6084594726562,530.9584350585938,534.8755493164062,537.1805419921875,MKLC34,1.198246972647323,f_8
2026-01-29 19:56:12,17.239999771118164,17.8799991607666,18.07999992370605,20.059999465942383,19.65999984741211,20.1200008392334,19.0,19.227203369140625,19.071468353271484,19.02709197998047,19.006332397460938,18.726816177368164,19.08772850036621,18.84744071960449,18.86257743835449,Z1OM34,1.1958072060032896,f_1
2026-01-29 21:06:00,5.539999961853027,5.769999980926514,5.860000133514404,5.900000095367432,6.019999980926514,6.090000152587891,5.800000190734863,5.838598728179932,5.8100786209106445,5.790426731109619,5.804928779602051,5.763500690460205,5.834987640380859,5.8692946434021,5.735073089599609,DXCO3,1.194731903249415,f_7
2026-01-28 13:00:00,83.0,83.0,83.0,83.0,83.0,83.0,83.0,82.86181640625,82.81673431396484,82.66719055175781,82.90673828125,83.04571533203125,83.98924255371094,83.13784790039062,82.3305892944336,CRIN34,1.1918584984469127,f_6
2026-01-29 21:07:31,33.36000061035156,33.40999984741211,33.939998626708984,34.16999816894531,35.45000076293945,35.02000045776367,34.22999954223633,34.312583923339844,34.56379699707031,34.16232681274414,34.17115783691406,34.637325286865234,34.26969528198242,34.18524932861328,34.31496810913086,CURY3,1.1899671343153475,f_5
2026-01-28 13:00:00,379.0,362.5199890136719,370.0700073242188,370.0700073242188,357.8399963378906,343.6400146484375,343.6400146484375,341.5591125488281,340.4637756347656,345.3077087402344,342.77459716796875,344.6251525878906,347.6961975097656,345.52978515625,347.7127380371094,DEAI34,1.1851714628863852,f_8
2026-01-28 13:00:00,31.09000015258789,30.38999938964844,31.26000022888184,31.799999237060547,32.619998931884766,35.790000915527344,35.790000915527344,36.21342086791992,35.31234359741211,35.03481674194336,35.3304557800293,35.330867767333984,35.73450469970703,35.8750114440918,36.16748809814453,S1KM34,1.1830677327780652,f_1
2026-01-29 20:54:32,28.049999237060547,26.530000686645508,26.170000076293945,26.729999542236328,28.1200008392334,28.270000457763672,29.280000686645508,28.889209747314453,29.485090255737305,29.243682861328125,28.888992309570312,29.127500534057617,29.16416549682617,29.131378173828125,29.626298904418945,L1RC34,1.1827124646598206,f_8
2026-01-29 17:05:51,25.13999938964844,25.13999938964844,27.63999938964844,27.63999938964844,27.63999938964844,28.6200008392334,28.13999938964844,28.11442375183105,27.983030319213867,28.047008514404297,28.472761154174805,28.16109085083008,27.92679786682129,27.62373161315918,27.70963478088379,E1RI34,1.1825222876471586,f_4
2026-01-29 21:07:40,11.0,11.25,11.529999732971191,11.619999885559082,12.079999923706056,12.270000457763672,12.350000381469728,12.286883354187012,12.25536823272705,12.26309585571289,12.266875267028809,12.43016529083252,12.437458038330078,12.495835304260254,12.322210311889648,INTB3,1.180849540776873,f_7
2026-01-29 17:20:20,185.67999267578125,179.3800048828125,178.00999450683594,175.57000732421875,177.32000732421875,172.80999755859375,172.67999267578125,172.74676513671875,172.3788299560547,172.42782592773438,173.1957244873047,173.52134704589844,171.73052978515625,173.73239135742188,174.7185516357422,H1EI34,1.1805414908654035,f_8
2026-01-28 13:00:00,225.8699951171875,225.8699951171875,225.8699951171875,228.3500061035156,228.3500061035156,221.2100067138672,221.2100067138672,221.31442260742188,221.1011962890625,220.32247924804688,221.2453155517578,221.06903076171875,222.1160583496093,223.49351501464844,223.82147216796875,I1PC34,1.180536763637219,f_8
2026-01-29 21:07:31,6.360000133514404,6.210000038146973,6.429999828338623,6.440000057220459,6.730000019073486,6.829999923706055,6.559999942779541,6.56215763092041,6.5625410079956055,6.578315258026123,6.592009544372559,6.564355373382568,6.56255578994751,6.597533226013184,6.636954784393311,PGMN3,1.1730921080033263,f_8
2026-01-29 21:05:00,1.3300000429153442,1.3799999952316284,1.3700000047683716,1.440000057220459,1.440000057220459,1.5299999713897705,1.4800000190734863,1.484141826629639,1.4841487407684326,1.4789518117904663,1.484513521194458,1.466286063194275,1.4916868209838867,1.4973233938217163,1.469146490097046,INEP3,1.1704982787145373,f_7
2026-01-29 19:57:47,96.4000015258789,96.77999877929688,96.77999877929688,94.8499984741211,94.8499984741211,94.8499984741211,89.0,89.6766128540039,90.03771209716797,89.79064178466797,89.49736022949219,88.39047241210938,88.12458801269531,88.47830200195312,89.27560424804688,K1SS34,1.1659686485033356,f_2
2026-01-28 13:00:00,1680.739990234375,1636.219970703125,1636.219970703125,1636.219970703125,1636.219970703125,1636.219970703125,1636.219970703125,1639.70458984375,1636.0015869140625,1631.8681640625,1633.5616455078125,1637.842041015625,1638.47900390625,1655.2891845703125,1652.150390625,FDXB34,1.165443168316359,f_7
2026-01-29 20:24:23,90.9011001586914,90.9011001586914,90.88471221923828,90.59798431396484,90.49967956542967,90.50787353515624,109.1999969482422,109.78903198242188,108.60110473632812,110.46984100341795,109.45877838134766,107.42520904541016,107.8466796875,107.31895446777344,109.36959838867188,NEWU11,1.16286088888597,f_3
2026-01-28 13:00:00,85.12000274658203,85.12000274658203,85.12000274658203,85.12000274658203,85.12000274658203,85.12000274658203,85.12000274658203,84.98181915283203,84.93673706054688,84.78719329833984,85.02674102783203,85.16571807861328,86.10924530029297,85.25785064697266,84.45059204101562,D1XC34,1.162174015261836,f_6
2026-01-29 15:22:14,1186.1700439453125,1150.0,1152.719970703125,1136.780029296875,1130.3800048828125,1097.0,1098.8599853515625,1102.87451171875,1089.0343017578125,1085.515869140625,1106.525634765625,1105.3951416015625,1111.5885009765625,1103.4580078125,1103.8233642578125,ARNC34,1.1583382591666322,f_6
2026-01-29 20:44:40,315.9200134277344,316.8500061035156,323.5199890136719,325.3800048828125,320.2699890136719,316.0,311.0299987792969,314.6253662109375,310.5082092285156,309.6244201660156,311.4330139160156,311.10186767578125,311.58990478515625,310.3083190917969,311.61383056640625,T1TW34,1.1559551958818783,f_1
2026-01-28 13:00:00,72.02999877929688,71.41000366210938,71.41000366210938,70.30000305175781,70.30000305175781,69.30000305175781,73.06999969482422,73.59436798095703,73.90990447998047,72.67729187011719,73.4277114868164,72.8384017944336,71.72293853759766,71.78717041015625,72.10641479492188,M1SC34,1.1494522904941835,f_2
2026-01-29 21:07:32,8.460000038146973,9.210000038146973,9.420000076293944,9.489999771118164,9.59000015258789,9.710000038146973,9.699999809265137,9.81110668182373,9.72166919708252,9.632397651672363,9.735147476196287,9.66329288482666,9.670991897583008,9.655027389526367,9.375267028808594,GUAR3,1.1454316983848591,f_1
2026-01-29 20:52:54,1831.9100341796875,1838.75,1823.9000244140625,1891.6800537109373,1937.8599853515625,2309.2900390625,2325.919921875,2342.414794921875,2352.440673828125,2327.74169921875,2326.129150390625,2266.044921875,2269.2626953125,2293.198486328125,2317.182861328125,S1TX34,1.140226355331518,f_2
2026-01-29 21:05:00,45.79999923706055,48.119998931884766,51.79999923706055,53.88999938964844,52.400001525878906,53.900001525878906,52.31999969482422,52.03963851928711,52.18495559692383,51.86924743652344,51.49045181274414,52.16074752807617,52.91642379760742,52.20073699951172,51.5986328125,S1BS34,1.1399543315406493,f_6
2026-01-29 19:00:22,39.70000076293945,38.959999084472656,38.959999084472656,39.08000183105469,38.459999084472656,38.68000030517578,38.63999938964844,38.6909294128418,38.55196380615234,38.57426071166992,38.65964126586914,38.61623001098633,38.62057113647461,39.00634765625,39.07931518554688,S2TA34,1.136945659518124,f_8
2026-01-29 17:13:16,174.8800048828125,178.0,178.02000427246094,178.1300048828125,172.0,169.6199951171875,166.42999267578125,167.76187133789062,167.65542602539062,168.3175506591797,165.99786376953125,165.92295837402344,166.25039672851562,165.9929962158203,165.95301818847656,F1IS34,1.134145326242698,f_3
2026-01-29 16:59:31,94.9499969482422,94.9499969482422,91.62000274658205,91.62000274658205,90.5999984741211,90.83999633789062,93.72000122070312,93.67613983154295,93.31571197509766,93.09058380126952,94.200927734375,94.34149932861328,94.35904693603516,94.78172302246094,94.39328002929688,A1LL34,1.132865757499877,f_7
2026-01-29 21:10:00,166.0500030517578,166.8000030517578,170.77999877929688,164.77999877929688,163.8000030517578,163.50999450683594,163.1999969482422,163.54676818847656,164.4110870361328,165.04246520996094,164.50860595703125,164.16627502441406,162.75465393066406,161.71144104003906,162.5242919921875,A1MD34,1.128963416772046,f_3
2026-01-28 13:00:00,707.0,721.739990234375,692.2999877929688,692.2999877929688,692.2999877929688,692.2999877929688,692.2999877929688,687.7960815429688,690.707763671875,695.3030395507812,693.2898559570312,696.9051513671875,697.6126708984375,700.0914916992188,696.9019775390625,TPRY34,1.1254519779913728,f_7
2026-01-29 21:10:00,191.47000122070312,192.1100006103516,188.0,187.509994506836,179.13999938964844,178.0500030517578,175.66000366210938,174.97291564941406,176.4963836669922,175.37100219726562,175.34788513183594,177.19332885742188,177.18789672851562,175.7486114501953,177.6344757080078,LILY34,1.1240305161876412,f_8
2026-01-28 13:00:00,40.29999923706055,40.29999923706055,42.5,42.0,43.13999938964844,44.68000030517578,44.650001525878906,44.275421142578125,44.615501403808594,44.30579376220703,44.433589935302734,44.71831893920898,45.15156173706055,44.54848098754883,44.36403274536133,A1KA34,1.1233151042356382,f_6
2026-01-29 21:07:44,24.65999984741211,25.15999984741211,25.350000381469727,25.270000457763672,25.65999984741211,26.170000076293945,25.21999931335449,25.46080780029297,25.502103805541992,25.37119102478028,25.20453643798828,25.21943664550781,25.22553062438965,25.02988624572754,25.21297836303711,HYPE3,1.1185745434898566,f_2
2026-01-29 21:07:34,17.190000534057617,17.969999313354492,18.170000076293945,18.38999938964844,18.709999084472656,19.049999237060547,18.81999969482422,18.87931632995605,18.762470245361328,18.762401580810547,18.7855224609375,19.02933883666992,18.856992721557617,18.784534454345703,18.70084571838379,GGPS3,1.1123227696080915,f_5
2026-01-29 21:07:36,5.739999771118164,5.820000171661377,5.96999979019165,5.949999809265137,6.179999828338623,6.420000076293945,6.130000114440918,6.142177581787109,6.171228408813477,6.197707653045654,6.164472579956055,6.124350547790527,6.141239166259766,6.09959888458252,6.148599147796631,CMIN3,1.1045275259495086,f_3
2026-01-29 19:56:12,13.960000038146973,14.800000190734863,15.4399995803833,15.68000030517578,15.300000190734863,16.25,15.31999969482422,15.383367538452148,15.352224349975586,15.349427223205566,15.258995056152344,15.252695083618164,15.488872528076172,15.404999732971191,15.440655708312988,W1IX34,1.102303111069943,f_6
2026-01-29 21:10:00,56.380001068115234,56.560001373291016,56.84000015258789,56.43999862670898,54.93999862670898,54.619998931884766,57.810001373291016,57.47317886352539,57.1645736694336,56.76323318481445,57.16501235961914,57.56859588623047,57.72914505004883,57.82613754272461,58.44527816772461,PGCO34,1.0989046520367325,f_8
2026-01-29 21:07:31,28.07999992370605,29.86000061035156,28.350000381469727,28.21999931335449,27.690000534057617,27.5,27.32999992370605,27.32202911376953,27.60318756103516,27.31216812133789,26.92051124572754,27.20998764038086,27.630029678344727,27.253480911254883,27.54069709777832,VIVA3,1.0978037156100608,f_6
2026-01-29 19:35:19,39.0,39.0,37.0,37.0,37.0,37.0,39.0,38.57992935180664,38.93782806396485,38.75308227539063,38.86950302124024,38.76711654663086,39.17477416992188,38.86410140991211,39.4268684387207,MRSA3B,1.094534458258213,f_8
2026-01-29 14:43:10,22.200000762939453,23.100000381469727,23.15999984741211,23.21999931335449,22.14999961853028,21.959999084472656,21.3799991607666,21.471031188964844,21.43375396728516,21.516498565673828,21.57717704772949,21.61283302307129,21.42182731628418,21.42965507507324,21.21057510375977,W1PP34,1.089026526866987,f_5
2026-01-28 13:00:00,312.07000732421875,312.07000732421875,312.07000732421875,312.07000732421875,312.07000732421875,292.0299987792969,292.0299987792969,292.51837158203125,292.8103332519531,291.7793273925781,292.05029296875,290.5871276855469,293.4562072753906,294.0400085449219,295.2061462402344,P1SA34,1.0876099969914017,f_8
2026-01-29 20:40:24,207.69000244140625,210.9100036621093,214.9600067138672,210.97999572753903,204.97999572753903,205.7899932861328,203.17999267578125,203.31903076171875,205.38528442382807,204.39830017089844,202.97189331054688,202.8997497558593,202.1836853027344,203.20755004882807,203.122802734375,MMMC34,1.085388240743717,f_2
2026-01-29 21:05:00,26.559999465942383,26.51000022888184,27.200000762939453,27.200000762939453,26.780000686645508,27.799999237060547,27.100000381469727,27.06437110900879,27.392135620117188,27.30058479309082,27.17360496520996,27.101682662963867,26.941347122192383,26.93643951416016,27.018341064453125,CGRA3,1.0779897953330488,f_2
2026-01-29 21:07:46,53.02999877929688,54.9900016784668,55.15999984741211,54.86000061035156,54.59999847412109,53.04999923706055,51.70000076293945,51.441192626953125,51.61899566650391,51.62515258789063,51.37582778930664,51.594913482666016,51.8110580444336,52.25553131103516,52.041622161865234,CPFE3,1.074527156475264,f_7
2026-01-29 21:05:00,1.0299999713897705,1.0199999809265137,1.090000033378601,1.0499999523162842,1.0800000429153442,1.090000033378601,1.059999942779541,1.0593068599700928,1.0552278757095337,1.0464037656784058,1.05955708026886,1.0529730319976809,1.057169795036316,1.0713880062103271,1.059857726097107,ENJU3,1.0743456646727976,f_7
2026-01-29 21:06:00,17.850000381469727,17.780000686645508,18.0,17.8700008392334,18.59000015258789,19.200000762939453,19.290000915527344,19.13109588623047,19.12779998779297,19.15301322937012,19.17119598388672,19.256446838378903,19.49702262878418,19.315149307250977,19.4090518951416,CSUD3,1.0732073791152354,f_6
2026-01-29 21:06:00,9.010000228881836,9.489999771118164,9.550000190734863,9.670000076293944,9.920000076293944,10.06999969482422,9.880000114440918,9.868115425109863,9.825261116027832,9.780223846435549,9.940223693847656,9.983325004577637,9.844478607177734,9.985869407653809,9.832355499267578,BLAU3,1.071551538325883,f_7
2026-01-28 13:00:00,234.1300048828125,234.1300048828125,230.25,230.25,230.25,230.25,230.25,230.1503143310547,230.20144653320312,230.1778106689453,229.8275604248047,230.41065979003903,231.0368194580078,231.76055908203125,232.709701538086,N1IS34,1.0682742836421009,f_8
2026-01-29 21:06:00,32.29999923706055,32.400001525878906,32.91999816894531,32.529998779296875,32.25,32.25,32.25,32.17489242553711,32.24433135986328,32.25019454956055,32.29920196533203,32.27994537353516,32.388858795166016,32.52964782714844,32.594486236572266,LOGN3,1.0681743769682654,f_8
2026-01-29 21:07:00,2.4100000858306885,2.5299999713897705,2.549999952316284,2.5899999141693115,2.650000095367432,2.630000114440918,2.490000009536743,2.458958864212036,2.482227802276612,2.4851324558258057,2.500019788742065,2.509235382080078,2.516475200653076,2.4931955337524414,2.4818785190582275,LJQQ3,1.063260683330625,f_6
2026-01-28 13:00:00,30.13999938964844,29.57999992370605,29.280000686645508,29.280000686645508,29.280000686645508,29.280000686645508,29.280000686645508,29.188989639282227,29.24616050720215,29.23164367675781,29.24681282043457,29.469369888305664,29.492420196533203,29.52932357788086,29.59106636047364,Z1TO34,1.062382740892492,f_8
2026-01-29 21:07:51,3.9800000190734863,3.9800000190734863,4.119999885559082,4.130000114440918,4.139999866485596,4.139999866485596,3.940000057220459,3.9451744556427,3.9412238597869873,3.946069240570069,3.9158146381378174,3.981844425201416,3.928718090057373,3.9580159187316895,3.9498751163482666,CASH3,1.0620397810470303,f_5
2026-01-29 21:07:00,1.3899999856948853,1.5499999523162842,1.5800000429153442,1.5299999713897705,1.649999976158142,1.5199999809265137,1.5,1.5084575414657593,1.5159072875976562,1.5030944347381592,1.4627357721328735,1.4725193977355957,1.4861202239990234,1.5078834295272827,1.4867361783981323,VVEO3,1.06048583984375,f_2
2026-01-28 13:00:00,1544.4000244140625,1544.4000244140625,1508.4599609375,1508.4599609375,1508.4599609375,1508.4599609375,1420.719970703125,1415.1904296875,1422.4549560546875,1423.4979248046875,1404.5416259765625,1423.98681640625,1430.9302978515625,1435.7349853515625,1435.74755859375,ACNB34,1.0577445380167163,f_8
2026-01-21 13:00:00,82.55000305175781,79.27999877929688,81.16000366210938,78.63999938964844,82.08000183105469,80.5,80.4800033569336,80.29129791259766,80.28215789794922,80.28456115722656,80.94347381591797,81.330078125,81.09835052490234,80.2099380493164,80.10380554199219,O2HI34,1.05625588047788,f_5
2026-01-29 21:07:35,45.5,46.470001220703125,46.709999084472656,47.220001220703125,46.5,47.34999847412109,45.84999847412109,45.86563491821289,46.01643753051758,46.3315658569336,46.19558334350586,46.066802978515625,45.76244735717773,45.93116760253906,45.71147918701172,TOTS3,1.0503105754394055,f_3
2026-01-29 21:07:54,52.83000183105469,54.68999862670898,54.369998931884766,53.380001068115234,53.90999984741211,55.5,54.7599983215332,55.33491134643555,54.43313217163086,54.151466369628906,54.12139129638672,54.35265350341797,54.0599250793457,54.777462005615234,55.02568435668945,AXIA3,1.0498777255737632,f_1
2026-01-29 20:23:34,14.619999885559082,14.600000381469728,14.18000030517578,14.390000343322754,14.130000114440918,14.270000457763672,14.100000381469728,14.077581405639648,14.227352142333984,14.247971534729004,14.195549964904783,14.14817237854004,14.11408805847168,14.060968399047852,14.00563621520996,W1BO34,1.0494407748650956,f_3
2026-01-29 19:37:37,65.6500015258789,66.43000030517578,66.63999938964844,67.19000244140625,66.8499984741211,65.16000366210938,64.83000183105469,64.59424591064453,64.75614166259766,64.76513671875,64.47551727294922,64.71961212158203,64.8602523803711,65.02607727050781,65.50920104980469,REGN34,1.0476618842615115,f_8
2026-01-28 13:00:00,0.949999988079071,0.9399999976158142,0.9100000262260436,0.949999988079071,0.9100000262260436,0.959999978542328,0.9800000190734864,0.988480269908905,0.9902327656745912,0.9772698283195496,0.9774370789527892,0.9656140804290771,0.9696053862571716,0.969768524169922,0.9736282229423524,CTAX3,1.0441577961170858,f_2
2026-01-28 13:00:00,50.81999969482422,50.81999969482422,50.81999969482422,47.84999847412109,48.09999847412109,47.7599983215332,47.7599983215332,47.38424682617188,47.55365753173828,47.957481384277344,48.20408248901367,48.256290435791016,47.902565002441406,47.857181549072266,48.060523986816406,NMRH34,1.039137629186333,f_5
2026-01-29 21:07:47,8.8100004196167,8.960000038146973,9.369999885559082,9.470000267028809,9.640000343322754,10.079999923706056,9.720000267028809,9.705277442932127,9.66547966003418,9.601365089416504,9.788020133972168,9.787190437316896,9.778801918029783,9.820937156677246,9.809922218322754,MGLU3,1.0384453382251984,f_7
2026-01-29 20:40:34,191.7400054931641,193.8000030517578,191.08999633789065,192.1600036621093,186.42999267578125,186.009994506836,186.009994506836,185.7002868652344,184.91392517089844,186.35006713867188,185.72140502929688,186.04432678222656,186.36854553222656,187.6686553955078,187.9407653808593,AXPB34,1.0379930815773886,f_8
2026-01-29 21:07:32,21.15999984741211,21.34000015258789,21.6200008392334,21.940000534057617,21.809999465942383,21.8799991607666,21.43000030517578,21.42949485778809,21.42288017272949,21.463699340820312,21.65142059326172,21.512451171875,21.418031692504883,21.401166915893555,21.5642032623291,AGRO3,1.033225781300899,f_4
2026-01-29 21:07:44,3.819999933242798,3.890000104904175,3.799999952316284,3.75,3.7799999713897705,3.819999933242798,3.7699999809265137,3.77686619758606,3.780646324157715,3.747278690338135,3.760103940963745,3.770494699478149,3.778252363204956,3.808618068695069,3.804553747177124,PCAR3,1.0243524658868546,f_7
2026-01-28 13:00:00,159.1999969482422,159.1999969482422,159.1999969482422,155.61000061035156,155.94000244140625,155.94000244140625,155.94000244140625,155.6475067138672,155.8937225341797,155.57846069335938,155.6893310546875,156.11965942382812,156.55355834960938,156.81314086914062,157.52780151367188,L1YV34,1.0182115220000931,f_8
2026-01-29 21:10:00,34.689998626708984,34.91999816894531,34.119998931884766,34.150001525878906,32.70000076293945,32.349998474121094,32.7599983215332,32.72856140136719,32.83424377441406,32.67888259887695,32.78916549682617,33.09308242797852,33.007686614990234,32.87177658081055,32.698204040527344,NIKE34,1.0167403037575118,f_5
2026-01-28 13:00:00,27.299999237060547,26.75,26.209999084472656,26.209999084472656,28.25,27.1200008392334,27.1200008392334,27.16869163513184,27.27779769897461,27.305004119873047,27.395641326904297,27.09748077392578,26.909555435180664,26.954662322998047,26.57497787475586,R1KU34,1.0163734481605935,f_4
2026-01-29 20:54:30,39.560001373291016,41.29999923706055,41.45000076293945,42.02000045776367,41.040000915527344,39.13999938964844,38.54999923706055,38.64808654785156,38.59186172485352,38.70869445800781,38.240509033203125,38.22337341308594,38.44243621826172,38.94144058227539,38.62721252441406,N1VO34,1.015412069939878,f_7
2026-01-29 15:32:04,36.0099983215332,34.41999816894531,35.79999923706055,35.36000061035156,35.880001068115234,33.77000045776367,34.439998626708984,34.78706741333008,34.7104377746582,34.117919921875,34.178619384765625,34.30064392089844,34.390472412109375,34.54371643066406,34.25770950317383,UPSS34,1.007749130256742,f_1
2026-01-29 16:45:18,10.880000114440918,10.800000190734863,10.829999923706056,10.510000228881836,10.279999732971191,10.239999771118164,10.170000076293944,10.173629760742188,10.15640926361084,10.184852600097656,10.27173137664795,10.175880432128906,10.190577507019045,10.201486587524414,10.14759635925293,C1MG34,1.000307763921629,f_4
2026-01-29 20:44:43,32.7599983215332,31.8700008392334,32.279998779296875,33.130001068115234,32.06999969482422,31.38999938964844,30.56999969482422,30.53560256958008,30.69330787658692,30.7004451751709,30.87524032592773,30.40506172180176,30.668930053710938,30.77820205688477,30.31998634338379,DGCO34,0.9984973312093152,f_4
2026-01-29 20:19:29,2.9800000190734863,2.859999895095825,2.859999895095825,2.8499999046325684,2.819999933242798,2.8499999046325684,2.8299999237060547,2.845968723297119,2.836133480072021,2.850836515426636,2.857887029647827,2.858094453811645,2.848236560821533,2.820071220397949,2.822684526443481,NEXP3,0.9927396064661144,f_5
2026-01-29 21:06:00,0.6200000047683716,0.6200000047683716,0.6499999761581421,0.6499999761581421,0.6499999761581421,0.6299999952316284,0.6100000143051147,0.612589955329895,0.6094847321510315,0.6127719879150391,0.6036232113838196,0.6101964116096497,0.610255777835846,0.6153349876403809,0.6160164475440979,VIVR3,0.986300507851104,f_8
2026-01-29 13:15:27,228.38999938964844,229.0,228.47999572753903,224.13999938964844,224.0,226.0200042724609,218.2700042724609,218.9609832763672,220.41705322265625,220.0816802978516,217.8301239013672,217.365478515625,217.898681640625,217.79249572753903,219.44061279296875,TXSA34,0.9836665176930154,f_2
2026-01-29 21:00:00,9.5600004196167,9.84000015258789,10.0,9.890000343322754,10.170000076293944,10.140000343322754,9.609999656677246,9.704504013061523,9.565519332885742,9.698594093322754,9.685224533081056,9.699381828308104,9.562958717346191,9.601253509521484,9.662474632263184,GOAU3,0.9833960432934415,f_1
2026-01-28 13:00:00,40.08000183105469,40.720001220703125,40.720001220703125,40.0,39.7599983215332,39.7599983215332,39.36000061035156,39.35081481933594,39.39297103881836,39.22005081176758,39.26338577270508,39.34675216674805,39.29560470581055,39.43587112426758,39.74592208862305,W1MG34,0.9804915454447126,f_8
2026-01-28 13:00:00,100.0,100.0,100.0,100.0,100.0,100.0,97.06999969482422,97.68944549560548,97.54012298583984,97.6263427734375,98.02136993408205,97.36457824707033,96.56365203857422,96.34996032714844,96.6545639038086,H1ST34,0.980086785050788,f_4
2026-01-29 19:23:11,163.8800048828125,161.44000244140625,160.16000366210938,159.67999267578125,158.0,160.0,156.0,156.13134765625,155.7047882080078,155.18104553222656,156.1607666015625,156.35626220703125,157.52713012695312,156.51275634765625,156.6371307373047,R1IN34,0.9789295685596956,f_6
2026-01-29 21:06:00,13.489999771118164,13.829999923706056,14.100000381469728,14.260000228881836,14.59000015258789,14.390000343322754,14.0600004196167,14.125715255737305,14.197624206542969,14.183900833129885,14.122013092041016,13.983452796936035,13.973184585571287,14.071660041809082,14.142849922180176,TAEE3,0.978832025739167,f_2
2026-01-29 20:33:17,264.3299865722656,260.7799987792969,259.54998779296875,262.5899963378906,255.88999938964844,258.1199951171875,251.1699981689453,250.1866607666016,251.0995941162109,251.72531127929688,252.9068756103516,253.626220703125,252.5581512451172,252.10430908203125,251.8744964599609,N1DA34,0.977912390845164,f_5
2026-01-29 21:15:00,3.440000057220459,3.440000057220459,3.4800000190734863,3.4800000190734863,3.4800000190734863,4.21999979019165,4.21999979019165,4.2225847244262695,4.249893665313721,4.147501468658447,4.1840925216674805,4.131255149841309,4.128436088562012,4.215593338012695,4.260986328125,C1GP34,0.9712450230119138,f_8
2026-01-29 21:07:00,36.150001525878906,37.0,37.59999847412109,37.9900016784668,39.150001525878906,39.09999847412109,38.560001373291016,38.53386306762695,38.62908172607422,38.57321548461914,38.93312072753906,38.62531280517578,38.25074768066406,38.21998977661133,38.34492492675781,TGMA3,0.9676331456421884,f_4
2026-01-29 21:00:00,86.5199966430664,84.81999969482422,86.44999694824219,84.80000305175781,84.75,85.38999938964844,84.9800033569336,84.90644073486328,85.14151763916016,85.25535583496094,85.37101745605469,85.80128479003906,85.69915771484375,85.25713348388672,84.93704986572266,BTAL11,0.9664408103820812,f_5
2026-01-29 19:29:12,49.5,49.45000076293945,48.04999923706055,46.38999938964844,45.59999847412109,45.93999862670898,46.4900016784668,46.548099517822266,46.48234558105469,46.45968246459961,46.72006988525391,46.55900192260742,46.68999481201172,46.93828201293945,46.7383918762207,A1PO34,0.9642510610626422,f_7
2026-01-29 21:10:00,13.25,13.529999732971191,12.789999961853027,12.420000076293944,11.739999771118164,11.989999771118164,12.25,12.121004104614258,12.368050575256348,12.304510116577148,12.323261260986328,12.274306297302246,12.243023872375488,12.359867095947266,12.027332305908203,M1RN34,0.9636781653579402,f_2
2026-01-29 21:07:43,11.75,11.93000030517578,11.899999618530272,11.789999961853027,11.470000267028809,11.6899995803833,11.31999969482422,11.362492561340332,11.381627082824709,11.428919792175291,11.325881958007812,11.402280807495115,11.407879829406738,11.279291152954102,11.273324012756348,AURE3,0.9621916986523874,f_3
2026-01-28 13:00:00,407.5,407.5,407.5,380.6499938964844,380.6499938964844,380.6499938964844,380.6499938964844,379.2215270996094,376.43011474609375,381.3159484863281,382.1703186035156,381.0939331054688,384.2771606445313,384.3090515136719,383.7515869140625,FOXC34,0.9612656445181924,f_7
2026-01-29 21:06:00,12.720000267028809,13.1899995803833,13.449999809265137,13.539999961853027,13.979999542236328,14.140000343322754,13.9399995803833,13.908931732177734,13.86052703857422,13.848896980285645,13.71876335144043,13.87124729156494,14.073375701904297,14.040566444396973,13.833914756774902,ITSA3,0.956787127229804,f_6
2026-01-29 19:56:10,113.4000015258789,112.13999938964844,111.29000091552734,111.5,108.77999877929688,107.23999786376952,105.66999816894533,104.991943359375,106.35504913330078,105.73949432373048,105.33204650878906,105.78951263427734,105.58142852783205,106.67445373535156,106.02983856201172,E1WL34,0.9505588944937098,f_7
2026-01-28 13:00:00,30.39999961853028,30.39999961853028,32.81999969482422,33.0099983215332,33.0099983215332,33.0099983215332,33.0099983215332,32.49491882324219,32.50639343261719,33.323673248291016,33.06663131713867,32.71296310424805,32.402671813964844,32.98984146118164,33.043922424316406,PATI3,0.9502421772411752,f_3
2026-01-29 21:06:00,2.299999952316284,2.3399999141693115,2.380000114440918,2.359999895095825,2.3299999237060547,2.369999885559082,2.299999952316284,2.3119490146636963,2.30802059173584,2.3128623962402344,2.3215575218200684,2.306193590164185,2.291059970855713,2.295978784561157,2.2958872318267822,QUAL3,0.9372856500311654,f_4
2026-01-29 13:15:45,42.540000915527344,42.540000915527344,43.52000045776367,43.52999877929688,43.52999877929688,43.11000061035156,41.880001068115234,42.27241897583008,41.904178619384766,41.773712158203125,41.9950065612793,42.218055725097656,42.02496719360352,41.72695541381836,41.73234176635742,D2PZ34,0.9370054864053136,f_1
2026-01-29 15:17:38,182.0,180.5399932861328,182.22999572753903,174.72000122070312,169.9199981689453,166.97999572753906,166.0,167.31613159179688,166.57901000976562,165.9359893798828,166.7679443359375,167.55323791503906,167.26971435546875,164.92593383789062,165.83139038085938,U1LT34,0.9356854909873872,f_5
2026-01-29 21:07:00,6.260000228881836,6.400000095367432,6.590000152587891,6.840000152587891,7.159999847412109,7.28000020980835,7.130000114440918,7.196200370788574,7.123287200927734,7.112825870513916,7.093854427337647,7.067318916320801,7.107734680175781,7.120413303375244,7.127261161804199,TRIS3,0.9284748286830454,f_1
2026-01-28 13:00:00,241.8500061035156,238.17999267578125,238.17999267578125,238.17999267578125,238.17999267578125,238.17999267578125,227.67999267578125,228.6281890869141,228.992904663086,227.7716827392578,226.6300201416016,226.716552734375,228.99908447265625,229.79080200195312,227.7765045166016,A1VB34,0.9270947795477532,f_7
2026-01-29 14:32:19,838.0999755859375,814.489990234375,814.489990234375,806.6500244140625,768.6799926757812,768.6799926757812,764.6500244140625,765.154541015625,766.3806762695312,766.5039672851562,767.6171264648438,767.2113037109375,771.73681640625,763.6072998046875,770.5291137695312,TJXC34,0.9268020356918162,f_6
2026-01-29 21:07:37,7.730000019073486,8.029999732971191,8.229999542236328,8.4399995803833,8.630000114440918,8.859999656677246,8.680000305175781,8.66317367553711,8.675493240356445,8.628984451293945,8.665886878967285,8.760093688964844,8.697044372558594,8.72052001953125,8.625293731689453,NATU3,0.9227348038375502,f_5
2026-01-28 13:00:00,364.8299865722656,364.8299865722656,364.8299865722656,369.1499938964844,369.6300048828125,356.0,356.0,357.0809936523437,357.5835266113281,356.7677917480469,356.7972717285156,354.3664855957031,356.3279113769531,358.7776184082031,359.2843322753906,C1IC34,0.922565245896243,f_8
2026-01-28 13:00:00,107.25,107.25,107.25,107.25,107.25,107.25,107.25,107.11181640625,107.06673431396484,106.9171905517578,107.15673828125,107.29571533203124,108.23924255371094,107.38784790039062,106.5805892944336,T1SS34,0.9223706794507576,f_6
2026-01-29 19:55:08,129.1199951171875,129.7100067138672,130.64999389648438,131.1699981689453,131.10000610351562,131.19000244140625,126.62000274658205,126.82401275634766,125.7815170288086,126.604736328125,126.85274505615234,126.75023651123048,127.1740951538086,127.31771087646484,127.78746795654295,SLBG34,0.9220227330886328,f_8
2026-01-29 20:51:50,45.720001220703125,45.11000061035156,44.16999816894531,44.83000183105469,43.63999938964844,41.70000076293945,40.52000045776367,40.8914680480957,40.5454330444336,40.77984237670898,40.67073822021485,40.69710540771485,40.26465606689453,40.60319137573242,40.30018997192383,DHER34,0.9167511997420468,f_1
2026-01-29 21:07:00,9.130000114440918,9.130000114440918,9.300000190734863,9.220000267028809,9.289999961853027,9.399999618530272,9.140000343322754,9.098130226135254,9.115886688232422,9.10922145843506,9.11898422241211,9.161139488220217,9.149524688720703,9.189689636230469,9.223647117614746,RANI3,0.915172550875236,f_8
2026-01-29 14:33:04,935.2100219726562,935.2100219726562,923.8699951171876,923.8699951171876,923.8699951171876,923.8699951171876,923.7999877929688,923.2774047851562,922.9677734375,922.7926635742188,923.2999267578124,924.8942260742188,927.28759765625,928.3334350585938,932.2409057617188,C1CO34,0.9137170470110116,f_8
2026-01-29 15:16:35,377.3999938964844,377.3999938964844,384.8999938964844,369.9800109863281,365.7000122070313,365.7000122070313,379.989990234375,381.4515075683594,380.36572265625,379.80029296875,379.6764831542969,383.4361572265625,381.13775634765625,378.0484619140625,375.9005737304688,P1SX34,0.9069099399333992,f_5
2026-01-28 13:00:00,109.12000274658205,109.12000274658205,109.12000274658205,109.12000274658205,109.12000274658205,109.12000274658205,109.12000274658205,108.98181915283205,108.93673706054688,108.78719329833984,109.02674102783205,109.16571807861328,110.10924530029295,109.25785064697266,108.45059204101562,K1IM34,0.9065639010368552,f_6
2026-01-29 21:07:56,3.4800000190734863,3.490000009536743,3.440000057220459,3.430000066757202,3.4600000381469727,3.509999990463257,3.430000066757202,3.414844036102295,3.427534580230713,3.418109655380249,3.4304778575897217,3.433678150177002,3.4468514919281006,3.461024761199951,3.460726737976074,HBRE3,0.9045100244584092,f_7
2026-01-28 13:00:00,210.72000122070312,210.72000122070312,204.4900054931641,204.4900054931641,204.4900054931641,198.77999877929688,198.77999877929688,198.7962341308593,198.0238342285156,198.0418243408203,200.0406188964844,200.30203247070312,199.5631103515625,198.494384765625,200.57244873046875,C1TA34,0.9017255066803836,f_8
2026-01-29 18:42:02,16.68000030517578,16.920000076293945,16.690000534057617,16.959999084472656,15.8100004196167,15.8100004196167,16.229999542236328,16.131912231445312,16.200223922729492,16.287458419799805,16.29779624938965,16.375850677490234,16.32874870300293,16.146406173706055,16.060544967651367,CHCM34,0.898651505653767,f_5
2026-01-28 13:00:00,87.19999694824219,88.0,88.66000366210938,88.66000366210938,90.62999725341795,90.54000091552734,88.45999908447266,87.86795806884766,88.4208755493164,88.77385711669922,88.77012634277344,88.96961212158203,89.25363159179688,89.00936126708984,89.15714263916016,AZOI34,0.8971654030499812,f_6
2026-01-29 21:07:40,21.549999237060547,22.3799991607666,22.489999771118164,22.059999465942383,21.459999084472656,21.530000686645508,21.170000076293945,21.02736091613769,21.01222038269043,21.15125846862793,21.35906982421875,21.359498977661133,21.28323745727539,21.17954444885254,21.248167037963867,ENEV3,0.8951294316686724,f_5
2026-01-29 15:13:55,151.55999755859375,152.11000061035156,152.11000061035156,149.8000030517578,149.8000030517578,149.8000030517578,140.85000610351562,141.84390258789062,142.10926818847656,141.78294372558594,140.9524688720703,140.64381408691406,139.9108428955078,140.25543212890625,140.70306396484375,R1HI34,0.8940447500126208,f_2
2026-01-29 21:07:47,25.63999938964844,24.64999961853028,24.75,24.479999542236328,24.920000076293945,24.790000915527344,24.479999542236328,24.528987884521484,24.698118209838867,24.582426071166992,24.63074493408203,24.475601196289062,24.5052490234375,24.450109481811523,24.252126693725582,RADL3,0.8910076457567336,f_2
2026-01-29 21:06:00,4.389999866485596,4.519999980926514,4.630000114440918,4.630000114440918,4.989999771118164,5.349999904632568,5.130000114440918,5.116662979125977,5.139317512512207,5.080728054046631,5.149229526519775,5.172749042510986,5.175697326660156,5.093713283538818,5.009486198425293,LIGT3,0.8907838440510151,f_6
2026-01-29 21:07:00,3.839999914169312,4.010000228881836,4.110000133514404,4.21999979019165,4.119999885559082,4.019999980926514,3.950000047683716,3.94171404838562,3.927020072937012,3.9150564670562735,3.883143901824951,3.9059317111968994,3.968963861465454,3.965636968612671,3.9851598739624015,MTRE3,0.8901221735251442,f_8
2026-01-29 21:05:00,3.119999885559082,3.109999895095825,3.0,3.150000095367432,3.1600000858306885,3.069999933242798,2.940000057220459,2.9231321811676025,2.942959308624268,2.93457293510437,2.9569685459136963,2.9367051124572754,2.947839498519897,2.965930938720703,2.9332287311553955,RCSL3,0.8820027549509564,f_7
2026-01-29 21:06:00,4.760000228881836,5.010000228881836,5.179999828338623,5.369999885559082,5.619999885559082,5.789999961853027,5.630000114440918,5.652414321899414,5.679632663726807,5.617117881774902,5.585894107818604,5.568007946014404,5.601511478424072,5.615365505218506,5.571106910705566,AMER3,0.8815727935525519,f_2
2026-01-29 21:05:00,8.489999771118164,8.5,8.569999694824219,8.609999656677246,8.609999656677246,8.569999694824219,8.369999885559082,8.306361198425293,8.347444534301758,8.348830223083496,8.403705596923828,8.378061294555664,8.417295455932617,8.437577247619629,8.443756103515625,LAND3,0.8811973591994423,f_8
2026-01-29 19:59:37,7.550000190734863,8.510000228881836,8.420000076293945,8.229999542236328,8.300000190734863,8.420000076293945,7.809999942779541,7.769282817840576,7.719618797302246,7.8121514320373535,7.656995296478271,7.793582916259766,7.748231887817383,7.839929580688477,7.878512859344482,E2NP34,0.8772460571946944,f_8
2026-01-29 21:07:54,54.630001068115234,55.720001220703125,55.220001220703125,56.04999923706055,57.630001068115234,60.18999862670898,59.06999969482422,59.58695602416992,59.10659790039063,58.743797302246094,58.79575347900391,58.880157470703125,58.7334098815918,59.02651977539063,59.20021057128906,IRBR3,0.875158848851322,f_1
2026-01-28 13:00:00,113.26000213623048,113.26000213623048,113.26000213623048,113.26000213623048,113.26000213623048,113.26000213623048,113.26000213623048,113.12181854248048,113.07673645019533,112.92719268798828,113.16674041748048,113.30571746826172,114.2492446899414,113.3978500366211,112.59059143066406,K1EY34,0.8734262184818474,f_6
2026-01-29 17:48:33,179.67999267578125,175.39999389648438,173.11000061035156,175.61000061035156,178.0500030517578,185.3999938964844,183.2400054931641,182.74725341796875,183.549545288086,182.3464508056641,182.77316284179688,182.56979370117188,183.46554565429688,184.3424530029297,184.827865600586,G2EV34,0.8665466381909225,f_8
2026-01-29 21:11:00,11.220000267028809,11.380000114440918,11.710000038146973,11.899999618530272,12.329999923706056,12.390000343322754,12.539999961853027,12.527732849121094,12.545350074768066,12.422473907470703,12.413630485534668,12.503388404846191,12.597951889038086,12.648157119750977,12.632902145385742,PAGS34,0.8624972745372075,f_7
2026-01-28 13:00:00,221.759994506836,221.759994506836,218.7899932861328,218.7899932861328,218.7899932861328,218.7899932861328,218.7899932861328,218.7137145996093,218.7528533935547,218.73475646972656,218.46665954589844,218.9129943847656,219.39230346679688,219.9462890625,220.6728363037109,Q1RV34,0.8605709014834829,f_8
2026-01-29 21:07:00,9.050000190734863,9.079999923706056,9.489999771118164,9.649999618530272,9.739999771118164,9.529999732971191,9.630000114440918,9.712774276733398,9.688738822937012,9.66570281982422,9.59389591217041,9.561445236206056,9.615660667419434,9.594304084777832,9.553555488586426,JHSF3,0.8595447695618852,f_1
2026-01-28 13:00:00,49.27999877929688,49.27999877929688,48.68999862670898,48.68999862670898,49.02000045776367,49.02000045776367,47.09000015258789,47.16716766357422,46.86986923217773,47.05058288574219,47.10810470581055,47.331729888916016,47.17458724975586,47.37926864624024,47.49422836303711,I1FO34,0.8584162436597568,f_8
2026-01-29 21:07:00,4.090000152587891,4.119999885559082,4.130000114440918,4.0,3.9600000381469727,4.019999980926514,3.9800000190734863,4.000283718109131,4.014163970947266,3.989952087402344,3.979396104812622,3.998344421386719,3.998294591903688,3.9720592498779297,3.963372230529785,HBSA3,0.8583907464837753,f_2
2026-01-29 21:14:00,55.75,54.91999816894531,54.790000915527344,55.2400016784668,53.70000076293945,53.86000061035156,51.66999816894531,51.951263427734375,52.11345291137695,51.874507904052734,51.48686218261719,51.62498474121094,51.72665023803711,51.83312225341797,51.80038070678711,SSFO34,0.8582441613055168,f_2
2026-01-28 13:00:00,142.07000732421875,142.07000732421875,148.39999389648438,148.39999389648438,148.39999389648438,139.58999633789062,139.58999633789062,139.0382537841797,140.03500366210938,140.48696899414062,139.8604736328125,140.35745239257812,140.25946044921875,140.78550720214844,140.15208435058594,B1FC34,0.8564445129463052,f_7
2026-01-29 21:07:40,46.70000076293945,47.810001373291016,48.91999816894531,49.88999938964844,51.41999816894531,53.0,50.68000030517578,50.657936096191406,51.0661506652832,50.6904411315918,50.45163345336914,50.77610778808594,50.97322082519531,51.02280426025391,51.11402893066406,INBR32,0.8564100688135855,f_8
2026-01-29 21:07:36,52.20000076293945,52.18999862670898,52.25,51.66999816894531,51.27999877929688,51.7599983215332,49.36000061035156,49.45295715332031,49.66839218139648,49.78212356567383,49.495059967041016,49.19968032836914,48.92728042602539,49.279388427734375,49.41157150268555,SUZB3,0.8551923624444605,f_3
2026-01-29 20:32:47,128.17999267578125,125.70999908447266,125.33000183105467,125.20999908447266,126.76000213623048,129.22999572753906,130.66000366210938,129.39315795898438,130.19830322265625,130.6144256591797,130.41061401367188,131.7762451171875,130.65762329101562,129.84507751464844,130.3704071044922,E1TN34,0.8543099830034891,f_5
2026-01-29 21:10:00,213.6100006103516,213.6999969482422,207.6300048828125,210.1000061035156,207.0500030517578,208.88999938964844,214.17999267578125,214.9803924560547,215.5105438232422,214.8233795166016,216.00428771972656,214.41668701171875,213.7986297607422,211.3690795898437,210.9244384765625,CATP34,0.851757916859616,f_4
2026-01-29 21:06:00,12.6899995803833,12.600000381469728,12.859999656677246,12.899999618530272,13.050000190734863,13.670000076293944,13.270000457763672,13.257513999938965,13.32550048828125,13.382744789123535,13.382445335388184,13.284597396850586,13.222260475158691,13.182208061218262,13.332074165344238,PNVL3,0.8496181422051249,f_3
2026-01-29 21:07:38,10.09000015258789,10.359999656677246,10.739999771118164,11.130000114440918,11.520000457763672,11.460000038146973,11.710000038146973,11.72195816040039,11.777785301208496,11.718697547912598,11.584128379821776,11.54642391204834,11.587191581726074,11.808484077453612,11.725770950317385,SAPR3,0.8410250980855252,f_7
2026-01-29 21:05:00,6.360000133514404,6.289999961853027,6.269999980926514,6.199999809265137,5.929999828338623,5.929999828338623,5.800000190734863,5.826045036315918,5.775515079498291,5.833176136016846,5.831508636474609,5.848677635192871,5.839371204376221,5.798060417175293,5.777587413787842,SHOW3,0.839266256159215,f_5
2026-01-29 17:53:32,130.0,132.1999969482422,132.0,134.0800018310547,134.82000732421875,131.6699981689453,131.36000061035156,131.7246856689453,130.877197265625,131.45298767089844,132.23455810546875,131.67982482910156,131.1134033203125,131.4345703125,132.46160888671875,BILB34,0.8386177460784645,f_8
2026-01-29 20:46:45,4.309999942779541,4.449999809265137,4.46999979019165,4.320000171661377,4.489999771118164,4.389999866485596,4.53000020980835,4.533212184906006,4.51476526260376,4.567983150482178,4.524777889251709,4.53941011428833,4.425692558288574,4.463091373443604,4.422116279602051,MNPR3,0.8384754727292841,f_3
2026-01-29 20:34:35,392.489990234375,388.9800109863281,391.0,384.05999755859375,392.489990234375,386.010009765625,386.989990234375,386.2630310058594,385.9552917480469,387.89935302734375,389.294189453125,388.4246826171875,389.5409240722656,388.7281188964844,390.2254028320313,BMKS3,0.8360455513840986,f_8
2026-01-29 21:07:37,19.63999938964844,20.0,20.46999931335449,19.739999771118164,19.520000457763672,19.030000686645508,18.71999931335449,18.586694717407227,18.58850479125977,18.625131607055664,18.736928939819336,18.79159927368164,18.81448554992676,18.87585830688477,18.74065399169922,MBRF3,0.8325801241834799,f_7
2026-01-28 13:00:00,209.5200042724609,211.0,206.08999633789065,206.3000030517578,206.3000030517578,207.4900054931641,207.4900054931641,207.0852966308593,207.99978637695312,207.7994842529297,207.516845703125,207.6474456787109,207.9716033935547,208.5441436767578,209.21359252929688,Q1UA34,0.8306843657535097,f_8
2026-01-29 20:48:13,1.75,1.7100000381469729,1.7100000381469729,1.659999966621399,1.7100000381469729,1.7100000381469729,1.75,1.7549113035202026,1.7521772384643557,1.75237238407135,1.7645219564437866,1.7445123195648191,1.7396793365478516,1.7485748529434204,1.7503893375396729,HAGA3,0.8298260825020927,f_4
2026-01-29 21:06:00,16.75,17.110000610351562,17.3799991607666,17.290000915527344,17.829999923706055,18.489999771118164,18.200000762939453,18.350828170776367,18.233068466186523,18.102388381958008,18.123119354248047,18.17780113220215,18.14463996887207,18.10761833190918,18.19096946716309,SANB3,0.8287219863421267,f_1
2026-01-29 21:12:41,145.75,145.1300048828125,144.24000549316406,147.1999969482422,144.07000732421875,145.8800048828125,143.55999755859375,143.25950622558594,143.2009735107422,143.2805938720703,144.1394500732422,144.2994842529297,144.7489013671875,144.4602508544922,144.14553833007812,GOGL34,0.8281581421095393,f_6
2026-01-29 20:36:35,444.8399963378906,444.8399963378906,444.8399963378906,420.0,420.0,404.5199890136719,432.9599914550781,436.5447387695313,430.8236083984375,434.2642211914063,428.6280212402344,432.0224304199219,427.5319213867188,431.44036865234375,431.6411743164063,R1JF34,0.8279627183115975,f_1
2026-01-29 17:45:51,340.9700012207031,355.0599975585937,352.79998779296875,354.1700134277344,348.70001220703125,348.70001220703125,330.8500061035156,330.4882507324219,333.370361328125,331.7182312011719,333.585205078125,329.8597106933594,331.44970703125,329.4061279296875,332.1101379394531,A1UT34,0.8267187317970283,f_4
2026-01-29 19:14:01,265.07000732421875,265.07000732421875,265.4100036621094,268.0,267.8399963378906,267.8399963378906,260.0,260.5351867675781,261.5819702148437,262.1380920410156,260.5172424316406,260.8414001464844,259.924560546875,259.9662780761719,258.9774169921875,MDTC34,0.8223430926983173,f_3
2026-01-29 21:06:00,8.529999732971191,8.460000038146973,8.699999809265137,8.859999656677246,8.850000381469727,9.020000457763672,8.800000190734863,8.813485145568848,8.87215518951416,8.809914588928223,8.797515869140625,8.790593147277832,8.75841236114502,8.74418830871582,8.76034927368164,SOJA3,0.8199431501747663,f_2
2026-01-29 19:53:11,27.76000022888184,27.34000015258789,26.31999969482422,26.170000076293945,26.170000076293945,26.170000076293945,25.40999984741211,25.51604652404785,25.61810874938965,25.50002098083496,25.33523368835449,25.26230430603028,25.52788734436035,25.370582580566406,25.614303588867188,D2KN34,0.8190039481591496,f_2
2026-01-28 13:00:00,38.0,38.0,38.0,35.849998474121094,35.849998474121094,35.849998474121094,35.849998474121094,35.735626220703125,35.51210403442383,35.90333557128906,35.97174835205078,35.88555908203125,36.14045333862305,36.14300537109375,36.098365783691406,G1LL34,0.8173135549340904,f_7
2026-01-29 20:54:30,8.569999694824219,8.609999656677246,9.210000038146973,9.449999809265137,9.8100004196167,9.600000381469728,9.43000030517578,9.430747985839844,9.466676712036133,9.50691032409668,9.456551551818848,9.460708618164062,9.502812385559082,9.416394233703612,9.320516586303713,BRKM3,0.8155887214413488,f_3
2026-01-28 13:00:00,157.0,154.2899932861328,151.05999755859375,148.97000122070312,150.16000366210938,149.8000030517578,149.8000030517578,150.02769470214844,150.9224853515625,150.69065856933594,151.0211944580078,149.23460388183594,149.46502685546875,150.66407775878906,150.6063690185547,T1DG34,0.8152145403014864,f_4
2026-01-28 13:00:00,472.0,472.0,472.0,472.0,452.7900085449219,452.7900085449219,452.7900085449219,451.9534912109375,452.6730041503906,455.4892883300781,453.3472595214844,452.6676025390625,452.8702087402344,455.1380920410156,456.47259521484375,CTSH34,0.8133100555279856,f_8
2026-01-28 13:00:00,420.4299926757813,420.4299926757813,420.4299926757813,420.4299926757813,403.3500061035156,403.3500061035156,403.3500061035156,402.6062622070313,403.2460021972656,405.7500305175781,403.8455200195313,403.2412109375,403.4213562011719,405.4377746582031,406.6242980957031,YUMR34,0.8117743752673172,f_8
2026-01-29 16:52:41,69.9000015258789,71.11000061035156,69.7300033569336,70.5,68.58999633789062,69.66999816894531,68.44999694824219,68.78497314453125,68.9036865234375,69.00474548339844,68.34727478027344,68.25474548339844,68.51868438720703,68.64386749267578,68.41810607910156,NETE34,0.8104434768283741,f_3
2026-01-29 21:07:32,3.7300000190734863,3.7899999618530273,3.859999895095825,3.950000047683716,4.119999885559082,4.110000133514404,4.099999904632568,4.133133411407471,4.09987735748291,4.108959197998047,4.10297966003418,4.071828365325928,4.062384605407715,4.069983005523682,4.03618049621582,VAMO3,0.8081343303804707,f_1
2026-01-29 20:32:47,495.6400146484375,482.25,484.510009765625,485.239990234375,477.0799865722656,477.8699951171875,485.1600036621094,485.2203369140625,484.9567260742188,486.232421875,486.6567687988281,486.1492004394531,486.5788879394531,487.0005493164063,489.07952880859375,W1EL34,0.8078829905389596,f_8
2026-01-29 21:10:00,116.83999633789062,122.51000213623048,123.63999938964844,127.13999938964844,125.5,128.77000427246094,136.41000366210938,136.5369110107422,137.51145935058594,137.1091766357422,135.91751098632812,135.2315673828125,136.17323303222656,134.84251403808594,136.78416442871094,M1TA34,0.80745961359615,f_2
2026-01-29 21:06:00,21.1299991607666,21.729999542236328,22.21999931335449,22.229999542236328,22.440000534057617,22.89999961853028,22.11000061035156,22.126781463623047,22.23590087890625,22.076881408691406,22.18133544921875,22.235145568847656,21.93827247619629,22.17462158203125,22.28794288635254,VLID3,0.8048044825365889,f_8
2026-01-29 17:03:41,8.140000343322754,8.140000343322754,8.319999694824219,8.319999694824219,8.5,8.270000457763672,8.130000114440918,8.116283416748047,8.091507911682129,8.101766586303711,8.124900817871094,8.19388198852539,8.134129524230957,8.16070556640625,8.195045471191406,M1TC34,0.8000658774278665,f_8
2026-01-29 20:40:27,6.690000057220459,6.659999847412109,6.869999885559082,6.880000114440918,6.739999771118164,6.789999961853027,6.630000114440918,6.6784749031066895,6.637301921844482,6.668026447296143,6.6770853996276855,6.682743549346924,6.618551731109619,6.646533966064453,6.578428268432617,RAPT3,0.7955269079275651,f_5
2026-01-29 16:45:16,191.5200042724609,191.5200042724609,191.5200042724609,191.5200042724609,191.5200042724609,191.5200042724609,186.9600067138672,187.924072265625,187.69168090820312,187.8258514404297,188.44064331054688,187.41847229003903,186.17198181152344,185.8394012451172,186.3134613037109,C1MS34,0.7919536497159667,f_4
2026-01-29 21:10:00,79.80999755859375,85.11000061035156,84.0,85.86000061035156,86.01000213623047,88.19000244140625,86.58000183105469,85.8336181640625,85.84526062011719,86.50425720214844,86.51402282714844,86.31065368652344,86.50091552734375,86.47188568115234,87.26384735107422,STOC34,0.7898423487607829,f_8
2026-01-29 21:07:46,9.369999885559082,9.539999961853027,10.140000343322754,9.960000038146973,10.670000076293944,10.890000343322754,10.520000457763672,10.415552139282228,10.602839469909668,10.495546340942385,10.54493236541748,10.515789031982422,10.43308162689209,10.490478515625,10.338184356689451,CSNA3,0.7874430469711776,f_2
2026-01-29 19:43:52,250.3500061035156,253.1300048828125,250.2400054931641,253.5,254.5599975585937,254.5599975585937,248.0,247.7928161621093,247.9965057373047,247.7163543701172,247.5967559814453,247.87887573242188,247.80377197265625,248.3272399902344,249.950424194336,UBSG34,0.7864613686838458,f_8
2026-01-29 20:54:29,52.130001068115234,50.900001525878906,50.880001068115234,51.34999847412109,51.380001068115234,51.54999923706055,51.36000061035156,51.33411407470703,51.16298675537109,51.263179779052734,51.45960998535156,51.56076049804688,51.66216659545898,51.7614631652832,51.663028717041016,PEPB34,0.7816638437709174,f_7
2026-01-28 13:00:00,10.640000343322754,10.449999809265137,10.449999809265137,10.449999809265137,10.449999809265137,10.449999809265137,10.449999809265137,10.464869499206545,10.449066162109377,10.431426048278809,10.438652992248535,10.456920623779297,10.459639549255373,10.531380653381348,10.517985343933104,I1AC34,0.7787640727424452,f_7
2026-01-29 20:54:30,25.780000686645508,25.51000022888184,26.39999961853028,26.64999961853028,26.280000686645508,26.14999961853028,25.229999542236328,25.42637062072754,25.162879943847656,25.212928771972656,25.253751754760746,25.18818664550781,25.331100463867188,25.14171028137207,25.4022216796875,S2EA34,0.7783237497189628,f_1
2026-01-29 19:56:12,14.729999542236328,14.699999809265137,14.119999885559082,14.210000038146973,13.960000038146973,14.109999656677246,13.670000076293944,13.68621063232422,13.661341667175291,13.707003593444824,13.680670738220217,13.686430931091309,13.762986183166504,13.726162910461426,13.77619171142578,A2MB34,0.7768224911424098,f_8
2026-01-28 13:00:00,15.460000038146973,15.460000038146973,15.359999656677246,15.359999656677246,15.359999656677246,14.729999542236328,14.729999542236328,14.726887702941896,14.763431549072266,14.69358730316162,14.740049362182615,14.758909225463867,14.787697792053224,14.804348945617676,14.8443021774292,V1RS34,0.7759853275291922,f_8
2026-01-29 18:49:57,77.88999938964844,77.88999938964844,78.30999755859375,78.37999725341797,75.91999816894531,75.94999694824219,75.91999816894531,75.81362915039062,75.80437469482422,76.21724700927734,76.00103759765625,75.94879913330078,76.10191345214844,76.1708755493164,76.50794982910156,SPGI34,0.774435819726809,f_8
2026-01-28 13:00:00,240.2400054931641,234.25,235.75,235.75,233.759994506836,232.1499938964844,232.1499938964844,231.89268493652344,232.79360961914065,233.3827362060547,233.94509887695312,232.1859893798828,231.1910400390625,231.06626892089844,231.7344512939453,G1MI34,0.7732522195409519,f_4
2026-01-29 20:48:10,42.130001068115234,44.0,42.83000183105469,42.9900016784668,41.54999923706055,41.83000183105469,41.52000045776367,41.63933181762695,41.839786529541016,41.78386688232422,41.60697937011719,41.509796142578125,41.619510650634766,41.47679901123047,41.42194366455078,F1MC34,0.7701976595656519,f_2
2026-01-29 20:40:34,38.540000915527344,38.08000183105469,38.93000030517578,38.79999923706055,38.43999862670898,38.79999923706055,39.4900016784668,39.46221923828125,39.5584602355957,39.79381561279297,39.44668960571289,39.44341278076172,39.361724853515625,39.27051162719727,39.15932846069336,OXYP34,0.7693439387515556,f_3
2026-01-28 13:00:00,29.700000762939453,29.84000015258789,29.459999084472656,29.459999084472656,29.459999084472656,29.459999084472656,28.700000762939453,28.6190128326416,28.621469497680664,28.703577041625977,28.60837173461914,28.734167098999023,28.84752082824707,28.84808921813965,28.92075729370117,H1II34,0.7691864978860331,f_8
2026-01-29 21:07:53,9.050000190734863,8.789999961853027,9.34000015258789,9.800000190734863,9.8100004196167,10.149999618530272,10.350000381469728,10.334997177124023,10.415396690368652,10.365094184875488,10.270487785339355,10.337150573730469,10.429486274719238,10.383368492126465,10.245339393615724,CBAV3,0.7679796166174104,f_6
2026-01-29 21:05:00,69.18000030517578,68.41999816894531,68.18000030517578,69.36000061035156,68.31999969482422,74.5,75.87999725341797,75.14415740966797,74.6011962890625,75.82272338867188,75.84013366699219,76.00816345214844,75.12691497802734,75.7753677368164,76.46250915527344,TEXA34,0.7676751751980722,f_8
2026-01-29 21:05:00,30.809999465942383,30.790000915527344,30.790000915527344,30.979999542236328,29.700000762939453,29.31999969482422,30.21999931335449,30.122800827026367,30.083982467651367,30.053003311157227,30.08333206176757,30.40134048461914,30.43325424194336,30.45179748535156,30.15903282165528,CMCS34,0.7670356626865859,f_7
2026-01-29 13:05:10,202.7899932861328,199.58999633789065,200.7899932861328,197.27999877929688,196.0,209.0,209.0,209.1436004638672,206.6546630859375,206.8851318359375,206.83819580078125,206.2789764404297,210.02960205078125,210.5988922119141,208.5685577392578,M1CH34,0.7650201970880682,f_7
2026-01-29 20:41:48,6.559999942779541,6.489999771118164,6.289999961853027,6.199999809265137,5.989999771118164,5.730000019073486,5.75,5.752265453338623,5.729056358337402,5.76572322845459,5.764942169189453,5.793944835662842,5.779628753662109,5.758717060089111,5.77992582321167,BSLI3,0.7642580115276835,f_5
2026-01-29 17:37:11,148.5,145.52999877929688,145.52999877929688,145.52999877929688,145.52999877929688,145.52999877929688,142.55999755859375,142.70506286621094,142.07565307617188,142.6935272216797,142.92279052734375,142.41485595703125,142.75303649902344,142.90858459472656,143.64825439453125,I1VZ34,0.7633676028159402,f_8
2026-01-29 19:41:01,107.0199966430664,107.0199966430664,107.0199966430664,107.0199966430664,107.0199966430664,95.5199966430664,92.5199966430664,93.22325897216795,92.5462875366211,92.37881469726562,92.3061294555664,92.7794418334961,92.79706573486328,92.54125213623048,92.72258758544922,G1PI34,0.7601192765004993,f_1
2026-01-29 18:50:55,578.47998046875,578.47998046875,590.4500122070312,591.8400268554688,576.010009765625,572.4299926757812,576.3900146484375,576.3781127929688,578.0601806640625,577.6382446289062,577.4385375976562,578.909423828125,578.1550903320312,575.8795166015625,580.7593383789062,P1KG34,0.7580498654428927,f_8
2026-01-29 18:37:52,2.640000104904175,2.640000104904175,2.619999885559082,2.5899999141693115,2.549999952316284,2.490000009536743,2.490000009536743,2.4873175621032715,2.48509168624878,2.4899704456329346,2.496290922164917,2.4927637577056885,2.49069881439209,2.498698711395264,2.508830547332764,E2EF34,0.7562464949357117,f_8
2026-01-28 13:00:00,315.19000244140625,322.2900085449219,322.2900085449219,311.9700012207031,315.739990234375,315.739990234375,312.1600036621094,312.0084533691406,311.7710266113281,312.5336303710937,314.5074768066406,312.44610595703125,312.1677551269531,312.4737548828125,311.0463256835937,I1QV34,0.7520095838646325,f_4
2026-01-29 21:12:31,92.38999938964844,94.9000015258789,93.9000015258789,96.61000061035156,99.1999969482422,99.44000244140624,96.4499969482422,96.6439437866211,95.73167419433594,97.0481185913086,96.73754119873048,96.79825592041016,97.17454528808594,96.40544891357422,96.11222076416016,MELI34,0.7512165503048831,f_6
2026-01-29 20:17:47,135.75999450683594,140.13999938964844,143.27999877929688,141.1199951171875,144.4499969482422,146.6999969482422,143.63999938964844,143.5050506591797,143.17694091796875,144.43447875976562,144.7164306640625,143.6597442626953,142.7733612060547,142.70555114746094,143.02435302734375,ARMT34,0.7493952095433082,f_4
2026-01-29 20:40:34,7.710000038146973,7.760000228881836,7.699999809265137,7.769999980926514,7.769999980926514,8.079999923706055,7.639999866485596,7.661935806274414,7.66641092300415,7.66260290145874,7.688361644744873,7.673594951629639,7.697174072265625,7.696012020111084,7.620449066162109,D1EX34,0.7483534918742016,f_6
2026-01-29 20:25:59,2.0999999046325684,2.059999942779541,2.059999942779541,2.039999961853028,2.049999952316284,2.049999952316284,2.049999952316284,2.0510432720184326,2.0565547943115234,2.054502487182617,2.054226875305176,2.053661823272705,2.0653281211853027,2.056241273880005,2.049647569656372,ATED3,0.7477155719783962,f_6
2026-01-29 13:25:57,50.59999847412109,50.59999847412109,50.0,50.77000045776367,51.79999923706055,51.79999923706055,53.9900016784668,54.12679672241211,53.93745422363281,53.94890594482422,53.9235725402832,53.85877227783203,53.79492568969727,53.7262077331543,54.392555236816406,ENMT3,0.7456076048061369,f_8
2026-01-29 20:09:03,24.299999237060547,24.920000076293945,25.559999465942383,25.489999771118164,24.479999542236328,24.239999771118164,24.239999771118164,24.12523651123047,24.42041778564453,24.385711669921875,24.11989021301269,24.18294906616211,24.24905014038086,24.27898597717285,24.166906356811523,MOSC34,0.7442987468231511,f_2
2026-01-29 21:07:37,15.869999885559082,15.699999809265137,15.93000030517578,16.290000915527344,16.459999084472656,16.3799991607666,16.229999542236328,16.259382247924805,16.19458770751953,16.157079696655273,16.18206787109375,16.16187286376953,16.24983787536621,16.284427642822266,16.350561141967773,TTEN3,0.7428318122727018,f_8
2026-01-28 13:00:00,264.8099975585937,269.4700012207031,269.4700012207031,271.6600036621094,271.6600036621094,272.70001220703125,262.8599853515625,262.08837890625,261.2257385253906,263.02789306640625,263.4554138183594,262.6682434082031,263.23492431640625,264.0468139648437,264.8114929199219,U1HS34,0.7424133291909486,f_8
2026-01-29 21:07:32,19.76000022888184,20.299999237060547,20.790000915527344,20.8799991607666,21.43000030517578,21.71999931335449,21.440000534057617,21.59903335571289,21.50608253479004,21.39545249938965,21.20392799377441,21.25162506103516,21.569923400878903,21.459762573242188,21.32263946533203,BBDC4,0.7417575452139028,f_1
2026-01-28 13:00:00,142.38999938964844,142.38999938964844,140.85000610351562,140.85000610351562,138.60000610351562,136.94000244140625,136.94000244140625,136.60145568847656,136.56143188476562,136.9535369873047,137.180908203125,137.09239196777344,136.96539306640625,137.7118682861328,137.9553680419922,G1WW34,0.7414674912251379,f_8
2026-01-29 21:05:00,0.9900000095367432,1.0,1.0099999904632568,1.0,0.9800000190734864,0.9900000095367432,0.9700000286102296,0.9770649075508118,0.9771609902381896,0.9768293499946594,0.9729284048080444,0.9687199592590332,0.9697561860084534,0.9680914878845216,0.965676724910736,AMAR3,0.7382434450254702,f_2
2026-01-29 19:50:54,3117.47998046875,3117.389892578125,3113.110107421875,3072.0,3085.35009765625,3085.35009765625,3273.60009765625,3278.637939453125,3297.760986328125,3286.1474609375,3270.811279296875,3236.175537109375,3239.845703125,3247.302001953125,3248.78173828125,LMTB34,0.7380525400513369,f_2
2026-01-29 20:16:06,54.45000076293945,53.400001525878906,54.31999969482422,53.650001525878906,52.970001220703125,52.5099983215332,52.08000183105469,52.034271240234375,52.463172912597656,52.3477897644043,51.909698486328125,51.898414611816406,51.76075744628906,52.199893951416016,52.34395980834961,M1NS34,0.7357355377712148,f_2
2026-01-29 13:31:23,5.449999809265137,5.510000228881836,5.510000228881836,5.449999809265137,5.429999828338623,5.619999885559082,5.5,5.50823450088501,5.4746575355529785,5.511430263519287,5.496549129486084,5.512008666992188,5.507014274597168,5.540383338928223,5.502742767333984,I1QY34,0.7342425259676847,f_7
2026-01-29 21:07:45,34.54999923706055,36.11000061035156,37.0099983215332,37.0,37.25,37.86000061035156,37.4900016784668,37.32360458374024,37.15247344970703,37.05133438110352,37.695072174072266,37.76471710205078,37.653839111328125,37.54469680786133,37.46403121948242,VIVT3,0.7327698353819311,f_5
2026-01-29 20:10:00,14.0,13.890000343322754,13.75,13.760000228881836,14.199999809265137,13.529999732971191,14.010000228881836,14.066110610961914,14.063373565673828,14.112241744995115,14.100448608398438,14.002761840820312,13.919196128845217,13.843690872192385,13.931777000427246,PABY11,0.7297752636899232,f_3
2026-01-29 14:32:34,52.900001525878906,53.34999847412109,52.560001373291016,51.79999923706055,51.04999923706055,51.04999923706055,50.5,50.35272979736328,50.46796417236328,50.8647575378418,50.65602493286133,50.72439956665039,50.61994934082031,50.31243133544922,50.60978317260742,B1AX34,0.7222921541421721,f_3
2026-01-28 13:00:00,136.97999572753906,136.97999572753906,136.97999572753906,136.97999572753906,136.97999572753906,136.97999572753906,136.97999572753906,136.84181213378906,136.79673767089844,136.64718627929688,136.88673400878906,137.0257110595703,137.96923828125,137.1178436279297,136.3105926513672,CAPH34,0.7221803070271638,f_6
2026-01-29 21:12:54,346.25,350.4800109863281,352.3999938964844,343.6000061035156,363.989990234375,380.7300109863281,384.0,386.2984008789063,386.7688903808594,385.8218994140625,381.9417724609375,381.7025451660156,382.7689514160156,380.78424072265625,382.2198791503906,MUTC34,0.7210652033487956,f_2
2026-01-29 20:54:30,1.090000033378601,1.0800000429153442,1.149999976158142,1.1200000047683716,1.1299999952316284,1.1399999856948853,1.1399999856948853,1.139736533164978,1.1354573965072632,1.1370582580566406,1.1482056379318235,1.1433285474777222,1.1395211219787598,1.1426420211791992,1.14552903175354,CARE11,0.7197940649040214,f_4
2026-01-29 21:10:00,44.09000015258789,43.93000030517578,42.38999938964844,42.9900016784668,42.90999984741211,42.470001220703125,41.310001373291016,41.42242813110352,41.60542297363281,41.400367736816406,41.291053771972656,41.284515380859375,41.31495666503906,41.22587203979492,41.19009780883789,M2RV34,0.7151333588015849,f_2
2026-01-29 21:07:46,26.489999771118164,26.89999961853028,28.020000457763672,28.059999465942383,29.790000915527344,30.049999237060547,29.700000762939453,29.692834854125977,29.277482986450195,29.45888328552246,29.6865291595459,29.912267684936523,29.542394638061523,29.599231719970703,29.35092544555664,CYRE3,0.7147034227081345,f_5
2026-01-29 17:26:34,507.5,504.510009765625,514.0800170898438,510.8800048828125,497.6000061035156,497.6000061035156,485.5899963378906,481.8285827636719,485.2925109863281,483.6176452636719,487.0681457519531,487.9104309082031,488.9085693359375,487.9798889160156,489.03948974609375,SBUB34,0.7103715962473919,f_8
2026-01-29 21:07:38,40.709999084472656,42.220001220703125,43.02999877929688,43.27999877929688,44.15999984741211,43.25,42.630001068115234,42.70990753173828,42.814090728759766,42.93235397338867,42.58631896972656,42.34151077270508,42.30991744995117,42.77841567993164,42.76301956176758,TAEE11,0.7092491149374611,f_3
2026-01-29 21:07:50,46.88999938964844,48.220001220703125,49.040000915527344,50.119998931884766,51.02000045776367,51.34999847412109,50.45000076293945,50.80678176879883,50.619441986083984,50.53041076660156,50.57456207275391,50.47182846069336,50.16724395751953,50.1246223449707,50.06144332885742,CSMG3,0.7071972258947242,f_1
2026-01-29 21:07:58,12.880000114440918,13.289999961853027,13.520000457763672,13.59000015258789,13.710000038146973,13.489999771118164,13.09000015258789,13.115471839904783,13.095351219177246,13.059162139892578,13.076884269714355,13.063308715820312,13.039182662963867,13.104925155639648,13.182357788085938,CPLE3,0.7055587045183326,f_8
2026-01-29 20:32:46,295.3500061035156,296.7900085449219,296.7900085449219,283.0,272.3299865722656,272.3299865722656,268.3699951171875,267.4681701660156,270.0895690917969,270.2610778808594,269.6131896972656,267.9957275390625,270.0610046386719,268.7090759277344,268.7443542480469,U1AL34,0.704655065051556,f_3
2026-01-28 13:00:00,329.0,329.0,325.3999938964844,325.3999938964844,325.3999938964844,325.3999938964844,325.3999938964844,325.3074645996094,325.3548889160156,325.3329772949219,325.00799560546875,325.54901123046875,326.1299743652344,326.8014831542969,327.6821594238281,CRIP34,0.7013416011525028,f_8
2026-01-29 17:33:03,1259.0400390625,1259.0400390625,1259.0400390625,1228.1800537109375,1212.97998046875,1203.1800537109375,1239.1199951171875,1234.61865234375,1241.016845703125,1247.794921875,1245.023681640625,1242.0755615234375,1233.646484375,1233.63623046875,1224.22412109375,P1HC34,0.700087706759351,f_3
2026-01-27 13:00:00,42.36000061035156,44.0,43.88999938964844,45.0,43.959999084472656,43.040000915527344,42.150001525878906,42.18456268310547,42.02663040161133,41.65573120117188,41.91413879394531,41.9597282409668,42.32172393798828,42.21089553833008,42.444766998291016,A2LC34,0.6993249388879185,f_8
2026-01-29 20:47:39,7.300000190734863,7.25,7.389999866485596,7.300000190734863,7.5,7.539999961853027,7.46999979019165,7.459152221679687,7.454482555389404,7.522124767303467,7.459813594818115,7.398739337921143,7.379062175750732,7.433237075805664,7.486468315124512,DEXP4,0.6977908778559562,f_3
2026-01-29 21:07:34,7.25,7.400000095367432,7.5,7.710000038146973,7.710000038146973,7.940000057220459,7.800000190734863,7.803586006164551,7.777008533477783,7.794344425201416,7.835619926452637,7.771631240844727,7.8542633056640625,7.809659957885742,7.741255283355713,EVEN3,0.6956809436191427,f_6
2026-01-28 13:00:00,520.239990234375,520.239990234375,520.239990234375,494.9800109863281,494.9800109863281,494.9800109863281,494.9800109863281,493.63616943359375,491.0100708007813,495.6065673828125,496.4103393554688,495.397705078125,498.3924255371094,498.4224243164063,497.89794921875,ROST34,0.6954651205446775,f_7
2026-01-29 21:10:00,78.43000030517578,78.25,78.63999938964844,81.27999877929688,81.93000030517578,82.05000305175781,79.73999786376953,79.59559631347656,79.41127014160156,79.67000579833984,79.3642578125,79.92571258544922,79.71244812011719,79.8016586303711,80.29363250732422,CSCO34,0.6942997973244687,f_8
2026-01-29 20:35:54,38.93000030517578,39.400001525878906,38.560001373291016,38.560001373291016,38.59999847412109,37.59999847412109,37.84000015258789,37.87329864501953,37.68218994140625,37.94228744506836,37.96432495117188,37.87776565551758,37.85773086547852,38.10100555419922,38.010860443115234,B1NT34,0.6897605723013663,f_7
2026-01-29 19:45:16,646.75,629.530029296875,619.2899780273438,628.0599975585938,628.0599975585938,618.760009765625,624.3400268554688,626.0779418945312,626.2374877929688,621.6266479492188,623.5170288085938,624.1602783203125,628.6165771484375,626.4998779296875,621.835205078125,BONY34,0.6849713471852651,f_6
2026-01-29 21:06:00,8.09000015258789,8.229999542236328,8.579999923706055,8.619999885559082,8.6899995803833,8.770000457763672,8.520000457763672,8.578261375427246,8.56265926361084,8.551074981689453,8.42781925201416,8.47724437713623,8.418455123901367,8.353385925292969,8.312738418579102,ROMI3,0.6838135508606127,f_1
2026-01-29 14:00:27,182.3500061035156,182.3500061035156,182.3500061035156,182.3500061035156,178.55999755859375,178.55999755859375,170.67999267578125,170.09913635253906,171.08116149902344,171.84303283691406,170.8468475341797,169.81361389160156,170.41213989257812,171.22598266601562,171.02044677734375,M1AA34,0.6814156380602205,f_3
2026-01-29 19:56:12,673.8499755859375,668.9299926757812,651.9199829101562,659.47998046875,650.4199829101562,649.0499877929688,676.989990234375,677.8358764648438,675.0773315429688,674.9566650390625,676.4937744140625,674.7559814453125,667.353515625,667.0592041015625,681.602783203125,A1MP34,0.6813679722432888,f_8
2026-01-29 21:10:00,15.970000267028809,15.90999984741211,15.739999771118164,15.93000030517578,15.880000114440918,15.789999961853027,15.050000190734863,15.012656211853027,15.081870079040527,15.119452476501465,15.047640800476074,15.09856128692627,15.018693923950195,15.118478775024414,15.152443885803224,P2AN34,0.6806889951498216,f_8
2026-01-29 17:42:12,130.0,138.69000244140625,135.17999267578125,133.3800048828125,131.55999755859375,131.44000244140625,130.47999572753906,130.25599670410156,129.60154724121094,130.44744873046875,129.935302734375,130.45748901367188,130.34375,130.10118103027344,131.36769104003906,L1YB34,0.6803305805999834,f_8
2026-01-29 17:10:55,96.73999786376952,96.73999786376952,96.73999786376952,93.6999969482422,92.41999816894533,92.41999816894533,92.5199966430664,92.09402465820312,92.28978729248048,92.37934112548828,92.61894989013672,93.0360870361328,93.146240234375,92.91539764404295,92.58642578125,S1YK34,0.676873772190658,f_6
2026-01-29 15:56:13,172.0800018310547,179.27999877929688,183.8000030517578,181.5,181.5,173.91000366210938,177.16000366210938,176.1461639404297,178.04869079589844,176.8794708251953,176.29844665527344,176.8268585205078,176.30810546875,176.25428771972656,178.3577423095703,HALI34,0.6760773440405541,f_8
2026-01-29 21:07:00,101.61000061035156,103.7699966430664,106.70999908447266,105.4800033569336,105.2300033569336,107.13999938964844,105.01000213623048,105.42959594726562,105.71951293945312,105.61302185058594,104.8047332763672,104.74386596679688,104.34368896484376,104.12716674804688,103.57243347167967,XPBR31,0.6756602121597913,f_2
2026-01-29 21:00:00,0.1700000017881393,0.1700000017881393,0.1899999976158142,0.1800000071525573,0.1800000071525573,0.1800000071525573,0.1800000071525573,0.1807003617286682,0.1801570802927017,0.1782263666391372,0.179000049829483,0.1784745156764984,0.1791698187589645,0.1812140494585037,0.178999051451683,OIBR3,0.674467920947025,f_7
2026-01-29 18:35:00,163.7100067138672,160.6999969482422,160.6999969482422,161.75999450683594,161.10000610351562,161.10000610351562,161.39999389648438,161.35186767578125,161.4140625,161.42845153808594,161.38685607910156,161.9391632080078,162.17356872558594,162.3234100341797,162.48658752441406,E1IX34,0.6732302782034713,f_8
2026-01-29 15:44:20,109.5500030517578,109.5500030517578,109.2699966430664,107.25,107.25,103.73999786376952,102.0999984741211,102.14999389648438,101.83074188232422,102.13330078125,102.78482818603516,102.4602279663086,102.38445281982422,102.56403350830078,101.77662658691406,S1WK34,0.6707440961300737,f_4
2026-01-29 15:17:58,147.60000610351562,147.60000610351562,147.60000610351562,147.60000610351562,147.60000610351562,147.60000610351562,147.60000610351562,147.46182250976562,147.416748046875,147.26719665527344,147.50674438476562,147.64572143554688,148.58924865722656,147.73785400390625,146.93060302734375,B1LL34,0.6702185046097875,f_6
2026-01-29 21:10:00,40.209999084472656,39.959999084472656,39.11000061035156,39.45000076293945,38.2599983215332,37.9900016784668,38.79999923706055,38.66901779174805,38.74464416503906,38.895503997802734,38.87157440185547,38.87954711914063,39.0589485168457,38.78426742553711,38.887969970703125,DISB34,0.6673950641159188,f_6
2026-01-29 21:07:35,30.36000061035156,30.71999931335449,31.280000686645508,31.520000457763672,32.060001373291016,32.599998474121094,32.650001525878906,32.51798629760742,32.59128189086914,32.51108169555664,32.616886138916016,32.867374420166016,32.84623336791992,32.610252380371094,32.46562576293945,MULT3,0.6657668732873295,f_5
2026-01-29 21:07:00,9.529999732971191,9.6899995803833,9.699999809265137,9.869999885559082,9.979999542236328,10.079999923706056,9.8100004196167,9.809335708618164,9.875166893005373,9.818929672241213,9.811387062072754,9.87353801727295,9.804594039916992,9.774779319763184,9.779423713684082,WIZC3,0.6642861427239174,f_2
2026-01-29 21:05:00,39.88999938964844,39.45000076293945,38.9900016784668,37.61000061035156,37.900001525878906,39.0,38.4900016784668,38.59778594970703,38.49671936035156,38.31835174560547,38.49130630493164,38.74463653564453,38.67696762084961,38.24797439575195,38.38835906982422,LMAI11,0.6615610446184772,f_5
2026-01-29 20:46:14,46.95000076293945,47.5,50.290000915527344,51.84999847412109,52.29999923706055,50.5,56.0,56.26717376708984,56.052982330322266,55.59458541870117,55.415924072265625,55.076690673828125,56.37007141113281,55.45782470703125,55.28264236450195,BMEB3,0.660841805594308,f_6
2026-01-29 20:54:29,62.06999969482422,61.33000183105469,61.70000076293945,58.63999938964844,60.18000030517578,58.43000030517578,58.20000076293945,58.10685348510742,58.17610931396485,58.510555267333984,58.58404922485352,58.36577987670898,58.17405319213867,58.394161224365234,58.51542663574219,BIDU34,0.6598770736762887,f_4
2026-01-29 15:03:21,334.0,334.0,334.0,332.92999267578125,332.92999267578125,332.92999267578125,323.0599975585937,323.547119140625,323.52618408203125,324.0287170410156,325.1834716796875,323.6883239746094,322.7098388671875,322.7487487792969,323.487060546875,VRSN34,0.6573002343654798,f_4
2026-01-29 18:16:34,207.6999969482422,207.6999969482422,202.8800048828125,202.8800048828125,202.8800048828125,203.8099975585937,204.8000030517578,204.84133911132807,205.2930908203125,205.3047332763672,205.3138732910156,205.5272827148437,205.90711975097656,205.8738555908203,206.14166259765625,APTV34,0.6551071903838637,f_8
2026-01-28 13:00:00,746.2899780273438,751.8300170898438,741.739990234375,741.739990234375,739.2100219726562,729.1199951171875,720.280029296875,717.8134155273438,718.0051879882812,717.107421875,718.984375,720.7203369140625,723.4287109375,724.5804443359375,724.989501953125,I1DX34,0.6538391271027334,f_8
2026-01-29 20:14:59,359.45001220703125,358.0,352.79998779296875,355.0799865722656,356.0,348.6000061035156,348.6000061035156,348.2639465332031,349.00323486328125,350.0932006835937,349.25946044921875,348.3573608398437,348.1755065917969,348.6748962402344,350.8701171875,A1DM34,0.6512079874462976,f_8
2026-01-29 15:45:41,65.08999633789062,65.98999786376953,65.1500015258789,65.91000366210938,64.94999694824219,66.16000366210938,64.69000244140625,64.55403900146484,64.97471618652344,64.7283935546875,65.11046600341797,64.8644027709961,64.86632537841797,65.04600524902344,64.68989562988281,AMGN34,0.649966835899502,f_4
2026-01-29 21:07:39,24.3700008392334,24.549999237060547,24.65999984741211,24.770000457763672,24.850000381469727,25.25,24.799999237060547,24.847522735595703,24.79473304748535,24.80085182189941,24.809499740600582,24.77487564086914,24.871978759765625,24.86320877075196,24.95969009399414,FRAS3,0.6439147655091676,f_8
2026-01-29 21:05:00,39.9900016784668,38.90999984741211,38.84000015258789,38.75,37.81999969482422,37.93999862670898,37.91999816894531,37.84214019775391,37.88084411621094,37.90748596191406,37.75876235961914,37.9744873046875,38.05759048461914,38.16316604614258,38.056427001953125,WALM34,0.6412655299029224,f_7
2026-01-29 14:33:49,107.87000274658205,107.87000274658205,107.87000274658205,106.77999877929688,103.5,104.5,102.41000366210938,102.4614028930664,102.51426696777344,102.15306854248048,102.36328125,102.50140380859376,102.52957916259766,102.58079528808594,103.06009674072266,H1OG34,0.6347945077301163,f_8
2026-01-29 17:48:23,139.55999755859375,138.32000732421875,138.60000610351562,139.9499969482422,136.5,135.77999877929688,131.0399932861328,131.02435302734375,131.87014770507812,131.45008850097656,130.5010986328125,131.14895629882812,131.4609832763672,131.68544006347656,130.97457885742188,I1SR34,0.633512256928025,f_2
2026-01-29 21:06:00,7.349999904632568,7.300000190734863,7.420000076293945,7.309999942779541,7.519999980926514,7.53000020980835,7.380000114440918,7.425435543060303,7.426465511322021,7.396170616149902,7.37863826751709,7.376066207885742,7.329639434814453,7.32555627822876,7.318719387054443,DEXP3,0.6296124140998549,f_2
2026-01-28 13:00:00,74.0999984741211,74.0999984741211,74.0999984741211,74.0999984741211,82.86000061035156,82.86000061035156,82.86000061035156,82.8471450805664,82.55362701416016,82.12734985351562,81.68486022949219,82.6927719116211,83.01239776611328,83.38123321533203,82.8992919921875,P1KX34,0.6290521375103055,f_7
2026-01-29 21:10:00,73.86000061035156,71.95999908447266,71.54000091552734,70.91000366210938,70.08000183105469,69.62999725341797,69.80000305175781,69.67203521728516,69.62694549560547,69.82006072998047,69.93571472167969,69.76117706298828,69.81710052490234,69.98140716552734,70.23831176757812,MRCK34,0.6279494221444369,f_8
2026-01-29 20:45:08,35.45000076293945,35.31999969482422,34.90999984741211,35.11000061035156,34.400001525878906,34.22999954223633,34.099998474121094,34.232967376708984,34.1520881652832,33.980751037597656,33.96215057373047,34.31330108642578,34.20732116699219,34.19078063964844,34.196136474609375,AIRB34,0.6255208851887939,f_5
2026-01-29 21:05:00,14.020000457763672,14.5,14.619999885559082,14.56999969482422,15.380000114440918,15.029999732971191,14.989999771118164,15.00514793395996,14.965140342712402,15.083179473876951,14.950206756591797,14.944483757019045,14.997618675231934,14.901540756225586,14.99771785736084,SCAR3,0.6216124361677586,f_3
2026-01-28 13:00:00,599.0,600.8400268554688,597.4000244140625,597.4000244140625,597.4000244140625,597.4000244140625,573.1199951171875,575.5711059570312,576.0686645507812,574.9749145507812,576.6570434570312,572.0486450195312,570.22705078125,572.8773803710938,574.700927734375,PNCS34,0.6171566809705391,f_4
2026-01-28 13:00:00,618.239990234375,618.239990234375,638.219970703125,638.219970703125,638.219970703125,638.219970703125,638.219970703125,635.2588500976562,638.2833862304688,640.19921875,642.138916015625,634.6942749023438,633.18701171875,633.9984130859375,636.2467651367188,N1XP34,0.6140430403928774,f_4
2026-01-28 13:00:00,177.97999572753906,177.97999572753906,175.10000610351562,171.49000549316406,171.49000549316406,170.0,167.44000244140625,167.5382537841797,167.7273712158203,167.06979370117188,168.16909790039062,168.32110595703125,168.4640655517578,168.0288543701172,167.34182739257812,A1WK34,0.6116000330983762,f_6
2026-01-29 21:10:00,645.0,642.8499755859375,657.780029296875,679.989990234375,679.97998046875,690.0,671.9600219726562,671.7384033203125,676.0694580078125,673.3058471679688,675.9221801757812,667.135986328125,670.0340576171875,665.0302734375,671.496826171875,N1EM34,0.6115596018781416,f_2
2026-01-29 21:07:00,2.559999942779541,2.5899999141693115,2.6700000762939453,2.720000028610229,2.789999961853028,2.8299999237060547,2.75,2.757075548171997,2.747765064239502,2.7384610176086426,2.766327381134033,2.766741991043091,2.7578277587890625,2.7530548572540283,2.729799747467041,HBOR3,0.6087996742942117,f_5
2026-01-29 21:13:00,15.4399995803833,15.859999656677246,15.970000267028809,15.880000114440918,16.010000228881836,16.299999237060547,16.31999969482422,16.292165756225586,16.227319717407227,16.246196746826172,16.368745803833008,16.419260025024414,16.267133712768555,16.337448120117188,16.367048263549805,ROXO34,0.6082128189725095,f_5
2026-01-29 21:05:00,13.239999771118164,13.270000457763672,13.300000190734863,13.289999961853027,13.1899995803833,13.350000381469728,12.899999618530272,12.835762977600098,12.890289306640623,12.907341957092283,12.918978691101074,12.940839767456056,12.916186332702637,12.939114570617676,12.978116035461426,ENGI3,0.6055536375283422,f_8
2026-01-29 21:07:33,10.979999542236328,10.869999885559082,11.109999656677246,11.09000015258789,11.199999809265137,11.479999542236328,11.300000190734863,11.36827564239502,11.311849594116213,11.287792205810549,11.332334518432615,11.33741855621338,11.324283599853516,11.250202178955078,11.208823204040527,RECV3,0.6042075266170076,f_1
2026-01-29 21:05:00,156.50999450683594,153.00999450683594,150.5,152.32000732421875,152.0,151.60000610351562,150.02000427246094,149.48104858398438,149.90025329589844,149.6892852783203,149.72891235351562,149.9303436279297,149.97561645507812,149.69020080566406,150.9230499267578,FIIP11,0.6019501590313222,f_8
2026-01-29 20:40:24,57.65999984741211,55.91999816894531,55.93000030517578,56.040000915527344,55.56999969482422,55.380001068115234,56.459999084472656,56.485130310058594,56.38364028930664,56.311031341552734,56.7349853515625,56.55064010620117,56.45025253295898,56.57038879394531,56.79945373535156,P1LD34,0.6012303513697034,f_8
2026-01-29 17:57:12,32.459999084472656,32.619998931884766,32.2400016784668,32.099998474121094,31.68000030517578,31.520000457763672,31.76000022888184,31.73355484008789,31.817262649536133,31.95074462890625,31.837621688842773,31.75394821166992,31.73537826538086,31.64796638488769,31.67597007751465,S2TW34,0.6005806002827272,f_3
2026-01-29 19:56:40,151.75,149.6300048828125,150.63999938964844,149.4600067138672,147.17999267578125,145.97000122070312,143.86000061035156,143.91592407226562,143.77536010742188,143.3342742919922,143.51478576660156,144.0505828857422,144.03794860839844,144.72256469726562,144.49270629882812,W1BD34,0.5995857661994171,f_7
2026-01-29 20:48:47,76.2699966430664,77.81999969482422,80.01000213623047,80.56999969482422,84.2300033569336,87.29000091552734,86.27999877929688,85.31598663330078,86.61408996582031,86.39405822753906,86.0661849975586,86.79544830322266,86.43639373779297,86.10829162597656,86.24897766113281,BAZA3,0.597414848421932,f_5
2026-01-29 21:07:41,13.460000038146973,13.729999542236328,13.779999732971191,13.65999984741211,13.960000038146973,14.210000038146973,13.880000114440918,13.901402473449709,13.955167770385742,13.92384147644043,13.9199800491333,13.962635040283203,13.92628002166748,13.903417587280272,13.860807418823242,DIRR3,0.5953524867504201,f_5
2026-01-29 21:07:55,56.43999862670898,58.02000045776367,57.369998931884766,56.16999816894531,57.27999877929688,58.54999923706055,57.72999954223633,58.07348251342773,57.672813415527344,57.46687698364258,57.607704162597656,57.54232406616211,57.38493347167969,57.27286911010742,57.33348846435547,AXIA6,0.5949817666984525,f_1
2026-01-29 21:05:00,9.34000015258789,9.3100004196167,9.399999618530272,9.550000190734863,9.670000076293944,9.800000190734863,9.600000381469728,9.637635231018066,9.657007217407228,9.642044067382812,9.646007537841797,9.575639724731444,9.6041841506958,9.573461532592772,9.528520584106444,CAMB3,0.5938211840859579,f_2
2026-01-29 19:13:50,64.05000305175781,64.55999755859375,65.45999908447266,64.30000305175781,63.79999923706055,63.38999938964844,63.119998931884766,63.26224899291992,63.05097579956055,62.849727630615234,62.86575698852539,63.093841552734375,63.33012771606445,63.28780364990234,63.49460220336914,COLG34,0.5934779433197137,f_8
2026-01-29 21:07:47,7.610000133514404,7.769999980926514,7.940000057220459,8.100000381469727,8.329999923706055,8.270000457763672,8.079999923706055,8.126643180847168,8.062562942504883,8.103800773620605,8.104716300964355,8.127492904663086,8.080602645874023,8.108854293823242,8.085707664489746,MRVE3,0.5877844233350888,f_5
2026-01-29 19:24:40,73.11000061035156,72.33000183105469,71.55000305175781,70.91000366210938,72.25,71.69000244140625,73.11000061035156,72.9855728149414,72.93207550048828,72.66033172607422,72.75532531738281,72.95581817626953,73.26410675048828,73.48465728759766,73.538818359375,FDMO34,0.5865377451012108,f_8
2026-01-29 20:54:29,175.32000732421875,173.0,172.05999755859375,170.89999389648438,174.75999450683594,172.6199951171875,172.5500030517578,172.63548278808594,172.72850036621094,172.00355529785156,172.57159423828125,172.8294677734375,172.82586669921875,172.61668395996094,173.56198120117188,RYTT34,0.5864839939240749,f_8
2026-01-28 13:00:00,3.5,3.5,3.299999952316284,3.890000104904175,3.890000104904175,3.5,3.869999885559082,3.85311770439148,3.8862674236297607,3.892620086669922,3.851179599761963,3.864455461502075,3.748598575592041,3.701206207275391,3.7339987754821777,MAPT4,0.5845013379779985,f_3
2026-01-29 21:07:39,23.5,24.13999938964844,24.549999237060547,24.64999961853028,24.979999542236328,25.40999984741211,25.299999237060547,25.447710037231445,25.18344688415528,25.17719078063965,25.29239654541016,25.363937377929688,25.278675079345703,25.19693946838379,25.28763771057129,UGPA3,0.5838371724317097,f_1
2026-01-28 13:00:00,209.9900054931641,209.97999572753903,209.9100036621093,204.0599975585937,204.0599975585937,204.0599975585937,219.0,215.1864624023437,219.37643432617188,216.50547790527344,220.27120971679688,219.19366455078125,218.79299926757807,215.409408569336,217.275131225586,FPAB11,0.5804610578981164,f_4
2026-01-29 21:07:40,10.420000076293944,10.890000343322754,11.0,11.56999969482422,12.59000015258789,12.329999923706056,12.449999809265137,12.38611888885498,12.400303840637209,12.52195644378662,12.516450881958008,12.513324737548828,12.3589506149292,12.356964111328123,12.250514030456545,MOVI3,0.5779649447700002,f_3
2026-01-29 18:57:56,526.0,526.0,526.0,534.739990234375,528.3499755859375,523.72998046875,513.8900146484375,513.3402709960938,516.2315063476562,516.853759765625,514.793212890625,513.0264892578125,513.5092163085938,514.6173706054688,514.55615234375,M1SI34,0.5767275161427408,f_3
2026-01-29 21:05:00,1.0099999904632568,0.9900000095367432,1.0099999904632568,1.0,1.0399999618530271,1.0299999713897705,1.0800000429153442,1.075775146484375,1.075478434562683,1.0744043588638306,1.0793131589889526,1.0747700929641724,1.0778765678405762,1.0862282514572144,1.0709720849990845,RNEW3,0.576685953183644,f_7
2026-01-29 21:06:00,14.56999969482422,15.0,15.300000190734863,15.06999969482422,15.350000381469728,15.31999969482422,15.050000190734863,15.04949188232422,15.096946716308594,15.055669784545898,15.136392593383787,15.121622085571287,15.02795696258545,14.99599838256836,14.979368209838867,CMIG3,0.574035890724513,f_4
2026-01-29 21:07:00,38.43000030517578,40.04999923706055,40.72999954223633,41.20000076293945,42.40999984741211,43.040000915527344,42.97999954223633,43.14137268066406,43.12241744995117,42.95777893066406,42.910152435302734,43.22631454467773,43.01531600952149,42.40443801879883,42.733795166015625,ITUB3,0.5730921476612701,f_5
2026-01-29 19:27:59,15.130000114440918,15.0,15.399999618530272,15.760000228881836,16.049999237060547,15.979999542236328,15.600000381469728,15.59372615814209,15.636631965637209,15.689306259155272,15.672605514526367,15.500845909118652,15.52789306640625,15.52846336364746,15.46723175048828,A1AP34,0.5724735609085484,f_3
2026-01-28 13:00:00,120.51000213623048,127.08000183105467,125.9800033569336,125.58999633789062,124.41999816894533,122.83000183105467,122.83000183105467,123.53253936767578,122.47966003417967,122.05105590820312,122.56590270996094,122.57667541503906,122.10384368896484,122.13059997558594,122.22574615478516,C1NS34,0.5719592332070401,f_1
2026-01-29 21:07:00,16.5,15.93000030517578,16.049999237060547,15.729999542236328,15.5,15.59000015258789,15.600000381469728,15.61164665222168,15.685776710510254,15.684513092041016,15.66885471343994,15.608524322509766,15.58389663696289,15.688628196716309,15.555356979370115,SMTO3,0.5681270069189069,f_7
2026-01-29 21:07:34,36.18999862670898,37.290000915527344,36.9900016784668,37.06999969482422,36.970001220703125,37.77999877929688,37.540000915527344,37.72462844848633,37.74989700317383,37.54654312133789,37.55585479736328,37.59246063232422,37.319618225097656,37.10969924926758,37.1180534362793,BBSE3,0.5591264851559098,f_2
2026-01-29 20:40:24,336.0,349.0,349.0,349.0,365.0400085449219,362.3999938964844,361.6000061035156,358.370849609375,360.4932556152344,359.2464904785156,360.1772766113281,363.6213073730469,361.416748046875,360.0837097167969,359.1451721191406,GILD34,0.5589881735103206,f_5
2026-01-28 13:00:00,177.22999572753906,177.22999572753906,177.22999572753906,177.22999572753906,177.22999572753906,177.22999572753906,177.22999572753906,177.09181213378906,177.04673767089844,176.89718627929688,177.13673400878906,177.2757110595703,178.21923828125,177.3678436279297,176.5605926513672,D1TE34,0.558168807514801,f_6
2026-01-29 21:07:42,15.869999885559082,16.530000686645508,17.020000457763672,16.940000534057617,17.0,17.010000228881836,16.709999084472656,16.788345336914062,16.681833267211914,16.466571807861328,16.57263946533203,16.522245407104492,16.530982971191406,16.803264617919922,16.76912498474121,MOTV3,0.5581420619820995,f_7
2026-01-29 20:53:40,1279.8699951171875,1283.0699462890625,1252.699951171875,1268.1600341796875,1311.6700439453125,1460.6500244140625,1442.5,1446.36767578125,1450.543701171875,1444.4276123046875,1426.2684326171875,1439.070556640625,1428.6080322265625,1430.3243408203125,1441.4178466796875,W1DC34,0.5576222649480069,f_2
2026-01-29 14:59:33,54.45000076293945,55.720001220703125,56.7599983215332,54.650001525878906,54.84000015258789,54.70000076293945,54.29999923706055,54.60218048095703,54.45711135864258,54.28264236450195,54.29736709594727,54.25323867797852,54.32223892211914,54.38926315307617,53.93639373779297,T1FX34,0.5565032194148564,f_1
2026-01-29 21:07:56,16.440000534057617,17.010000228881836,17.290000915527344,17.3799991607666,17.579999923706055,18.0,17.719999313354492,17.70816993713379,17.714773178100586,17.625246047973633,17.63630485534668,17.574880599975586,17.811473846435547,17.782146453857422,17.818605422973633,LAVV3,0.5564679088041903,f_8
2026-01-29 15:57:02,64.01000213623047,64.0,64.0,63.0,62.09000015258789,63.0,63.0,62.90201187133789,62.96368408203125,62.69312286376953,62.74625015258789,62.98802947998047,62.87710189819336,63.25308227539063,63.34878158569336,UNIP5,0.5536215645926339,f_8
2026-01-29 21:10:00,128.7899932861328,127.7699966430664,126.72000122070312,127.47000122070312,122.91999816894533,123.3000030517578,123.93000030517578,124.00390625,124.15383911132812,123.8650360107422,124.14027404785156,124.2426528930664,124.40169525146484,124.24256896972656,124.6119613647461,BERK34,0.5502792365779017,f_8
2026-01-29 21:07:44,14.109999656677246,14.31999969482422,14.609999656677246,15.31999969482422,15.329999923706056,15.65999984741211,15.140000343322754,15.031892776489258,15.091389656066896,15.077961921691896,15.111340522766112,15.1559476852417,15.22295379638672,15.049116134643556,15.160555839538574,EZTC3,0.5479091887904091,f_6
2026-01-29 21:07:40,13.880000114440918,13.789999961853027,13.739999771118164,13.59000015258789,13.869999885559082,13.75,13.43000030517578,13.38844108581543,13.44747543334961,13.44143009185791,13.434511184692385,13.468879699707031,13.497698783874512,13.444854736328123,13.502775192260742,HAPV3,0.5418829890637773,f_8
2026-01-29 21:07:36,46.880001068115234,46.25,48.52000045776367,48.5,49.0099983215332,50.5,51.5099983215332,51.1830940246582,51.66265487670898,51.78866958618164,51.44798278808594,51.136138916015625,51.23653411865234,51.42848205566406,51.68550109863281,PRIO3,0.5410042200136163,f_3
2026-01-29 13:47:36,21.979999542236328,21.950000762939453,22.06999969482422,22.030000686645508,22.26000022888184,21.540000915527344,21.520000457763672,21.51690673828125,21.617965698242188,21.63641929626465,21.580400466918945,21.545297622680664,21.514368057250977,21.46253967285156,21.631668090820312,CNIC34,0.5409797213037544,f_3
2026-01-29 21:05:00,132.10000610351562,133.60000610351562,134.6999969482422,138.99000549316406,141.14999389648438,135.9600067138672,138.0,138.0280303955078,137.50465393066406,138.21441650390625,138.02415466308594,137.75030517578125,138.7459259033203,137.8355255126953,138.43467712402344,ASML34,0.5405260168987772,f_6
2026-01-28 13:00:00,35.060001373291016,35.790000915527344,36.29999923706055,36.41999816894531,35.560001373291016,35.43000030517578,36.41999816894531,36.2310905456543,36.48801803588867,36.61572647094727,36.4246940612793,36.32514953613281,36.285675048828125,36.31040954589844,36.50001907348633,N1BI34,0.5374198567885904,f_3
2026-01-28 13:00:00,256.1600036621094,253.0,253.0,253.0,253.0,253.0,253.0,253.24734497070312,252.9844970703125,252.6911163330078,252.81130981445312,253.11512756347656,253.1603546142578,254.353515625,254.1307373046875,E1TR34,0.5349864130434783,f_7
2026-01-29 21:07:34,24.75,25.34000015258789,25.5,25.11000061035156,25.190000534057617,25.31999969482422,24.63999938964844,24.512245178222656,24.60054397583008,24.553783416748047,24.62893867492676,24.66604995727539,24.76816368103028,24.76360893249512,24.770946502685547,MDIA3,0.5314412186719527,f_8
2026-01-28 13:00:00,153.8000030517578,154.3000030517578,157.8000030517578,157.8000030517578,154.39999389648438,152.8000030517578,151.0,150.8170623779297,151.06375122070312,150.8960418701172,151.79769897460938,151.59042358398438,150.0102996826172,150.97499084472656,151.46954345703125,PHGN34,0.5282774666287251,f_4
2026-01-29 21:07:38,47.16999816894531,48.59999847412109,48.31999969482422,48.52000045776367,49.31999969482422,49.869998931884766,49.560001373291016,49.62178802490234,49.404293060302734,49.82170104980469,49.70652389526367,49.547794342041016,49.249942779541016,49.43090438842773,49.38109970092773,PSSA3,0.5280461445965731,f_3
2026-01-29 21:00:00,13.199999809265137,13.25,13.75,13.4399995803833,13.399999618530272,13.550000190734863,13.399999618530272,13.322014808654783,13.39484691619873,13.47075366973877,13.46245574951172,13.46994972229004,13.403722763061523,13.336254119873049,13.345455169677734,AMOB3,0.5280153225575724,f_3
2026-01-29 21:07:00,17.649999618530273,18.0,18.239999771118164,18.170000076293945,18.850000381469727,19.0,18.59000015258789,18.56648826599121,18.63475608825684,18.67422866821289,18.68806838989257,18.65103912353516,18.451322555541992,18.55036735534668,18.3631591796875,SANB4,0.5275322027957894,f_4
2026-01-29 20:06:05,72.94000244140625,72.04000091552734,72.51000213623047,72.87000274658203,70.62000274658203,69.7699966430664,69.19999694824219,68.89012908935547,69.56491088867188,69.34000396728516,69.33993530273438,68.92972564697266,68.99224090576172,69.26580047607422,69.47451782226562,HOME34,0.5273323071135728,f_2
2026-01-28 13:00:00,187.7400054931641,187.7400054931641,187.7400054931641,187.7400054931641,187.7400054931641,187.7400054931641,187.7400054931641,187.6018218994141,187.55674743652344,187.40719604492188,187.6467437744141,187.7857208251953,188.729248046875,187.8778533935547,187.0706024169922,S1SL34,0.5269215536200448,f_6
2026-01-29 21:11:00,162.14999389648438,160.0,157.3000030517578,158.60000610351562,155.1999969482422,156.99000549316406,159.69000244140625,159.38491821289062,159.0614471435547,158.8187713623047,158.72608947753906,159.2017822265625,159.70167541503906,160.11949157714844,160.53106689453125,JPMC34,0.5266857287660227,f_8
2026-01-29 20:53:21,29.729999542236328,29.959999084472656,30.700000762939453,31.13999938964844,30.700000762939453,30.049999237060547,29.90999984741211,30.007999420166016,29.831806182861328,29.890832901000977,29.69525146484375,29.93436622619629,30.06705093383789,29.88884735107422,29.963422775268555,KHCB34,0.525078860671976,f_6
2026-01-29 21:05:00,18.0,18.0,18.479999542236328,18.489999771118164,18.71999931335449,18.959999084472656,19.39999961853028,19.40138816833496,19.501802444458008,19.42975807189941,19.317914962768555,19.20333671569824,19.33140563964844,19.285823822021484,19.45241355895996,BRSR3,0.5247568449975406,f_2
2026-01-29 16:05:08,41.84000015258789,41.0,42.720001220703125,42.63999938964844,43.400001525878906,42.93000030517578,44.36000061035156,44.18835067749024,44.42750549316406,44.59187316894531,44.05616760253906,44.0107421875,44.41558456420898,44.22837448120117,44.380165100097656,GPRK34,0.5227063918020816,f_3
2026-01-29 21:11:00,9.029999732971191,8.779999732971191,9.079999923706056,9.029999732971191,8.850000381469727,8.8100004196167,8.59000015258789,8.591483116149902,8.594231605529785,8.608526229858398,8.614313125610352,8.546555519104004,8.564803123474121,8.595304489135742,8.63479995727539,NFLX34,0.5215343875634654,f_8
2026-01-28 13:00:00,25.520000457763672,25.520000457763672,25.520000457763672,24.57999992370605,24.57999992370605,24.57999992370605,24.57999992370605,24.52998924255371,24.432262420654297,24.60331344604492,24.633224487304688,24.59554100036621,24.70698356628418,24.70809936523437,24.68858337402344,M1HK34,0.5211531404635013,f_7
2026-01-29 21:07:50,4.800000190734863,4.880000114440918,4.929999828338623,4.860000133514404,5.010000228881836,5.039999961853027,4.889999866485596,4.890383243560791,4.899070739746094,4.908821105957031,4.915460586547852,4.896235942840576,4.898000717163086,4.879589557647705,4.887355804443359,GMAT3,0.5206691361436432,f_4
2026-01-29 21:05:00,3.869999885559082,3.849999904632568,3.799999952316284,3.7699999809265137,3.7200000286102295,3.740000009536743,3.7200000286102295,3.7067854404449454,3.72678279876709,3.734468698501587,3.7236504554748535,3.7245943546295166,3.7228729724884033,3.7077696323394775,3.739222049713135,VSTE3,0.5167209934158659,f_8
2026-01-28 13:00:00,33.0,33.0,33.0,33.25,33.25,33.25,33.97999954223633,34.08613204956055,34.15555191040039,33.997066497802734,33.95588302612305,33.77338790893555,33.818267822265625,33.890167236328125,33.89849090576172,GEPA3,0.5166344041466365,f_2
2026-01-29 16:34:09,41.400001525878906,41.400001525878906,40.9900016784668,40.75,40.77999877929688,40.0,40.040000915527344,40.03013610839844,39.97150039672852,40.00502395629883,40.13772964477539,40.089820861816406,40.03215408325195,40.19057846069336,40.24679946899414,Z1TS34,0.5164798919537518,f_8
2026-01-29 21:07:46,5.340000152587891,5.480000019073486,5.650000095367432,5.650000095367432,5.820000171661377,6.03000020980835,5.909999847412109,5.878825664520264,5.869909286499023,5.894543170928955,5.920855522155762,5.94047212600708,5.936604976654053,5.934937953948975,5.919812202453613,CSAN3,0.5156054040900527,f_5
2026-01-29 20:07:08,1945.43994140625,1936.1199951171875,1936.1199951171875,1936.1199951171875,1920.0,1856.300048828125,1831.5,1838.341552734375,1840.2601318359373,1832.8236083984373,1825.717529296875,1840.7862548828125,1832.4581298828125,1830.054443359375,1836.6798095703125,GDBR34,0.5070300236315861,f_5
2026-01-29 21:07:48,24.3700008392334,24.600000381469727,24.68000030517578,25.209999084472656,25.36000061035156,27.0,27.200000762939453,27.153017044067383,27.21626091003418,27.25585556030273,27.026031494140625,26.955711364746094,26.918642044067383,27.13916206359864,27.337337493896484,TEND3,0.5049144378854404,f_8
2026-01-28 13:00:00,110.3499984741211,110.3499984741211,109.4800033569336,109.4800033569336,109.4800033569336,109.4800033569336,109.4800033569336,109.45763397216795,109.46910095214844,109.46379852294922,109.38526153564452,109.51600646972656,109.65641021728516,109.81869506835938,110.0315170288086,C1PR34,0.503757448816402,f_8
2026-01-29 19:26:30,12.18000030517578,12.300000190734863,12.6899995803833,12.539999961853027,13.270000457763672,12.739999771118164,12.8100004196167,12.843276977539062,12.874225616455078,12.865830421447754,12.824969291687012,12.86099624633789,12.829206466674805,12.8214693069458,12.835607528686523,ALUP3,0.5013676403946647,f_2
2026-01-29 15:57:09,188.9499969482422,185.0599975585937,182.77999877929688,184.32000732421875,179.8300018310547,179.10000610351562,183.7100067138672,183.59461975097656,184.2481842041016,184.59738159179688,184.6270294189453,183.85601806640625,183.3254547119141,184.0732879638672,183.05642700195312,S1HW34,0.4991686198707783,f_4
2026-01-29 18:42:03,129.35000610351562,128.77999877929688,126.0,125.1999969482422,125.8000030517578,126.36000061035156,124.1500015258789,124.02339935302734,124.23167419433594,124.4285125732422,124.28337097167967,124.56133270263672,124.76930236816406,124.15493774414062,123.88552856445312,N2LY34,0.4988327303049318,f_6
2026-01-28 13:00:00,258.8800048828125,255.5500030517578,255.5500030517578,255.5500030517578,253.6000061035156,251.3600006103516,251.3600006103516,251.03907775878903,251.05519104003903,250.84771728515625,251.426010131836,250.76583862304688,252.19288635253903,252.27740478515625,252.60888671875,B1WA34,0.4968515696076926,f_8
2026-01-29 21:06:00,8.239999771118164,8.5,8.770000457763672,8.829999923706055,8.899999618530273,9.199999809265137,9.3100004196167,9.294404029846191,9.318683624267578,9.209308624267578,9.310809135437012,9.303536415100098,9.329266548156738,9.356168746948242,9.274629592895508,PFRM3,0.4959003786322467,f_7
2026-01-29 21:07:38,4.369999885559082,4.489999771118164,4.409999847412109,4.420000076293945,4.46999979019165,4.550000190734863,4.409999847412109,4.401316642761231,4.42952823638916,4.402121543884277,4.415416240692139,4.430192470550537,4.431866645812988,4.39902925491333,4.41884183883667,FHER3,0.4958457858838896,f_6
2026-01-28 13:00:00,343.9700012207031,343.9700012207031,343.9700012207031,343.9700012207031,343.9700012207031,333.54998779296875,333.54998779296875,333.8039245605469,333.9557189941406,333.4196472167969,333.5605163574219,332.7997436523437,334.2915344238281,334.5950927734375,335.2014465332031,R1MD34,0.4951158149222956,f_8
2026-01-29 21:07:36,18.96999931335449,19.280000686645508,19.420000076293945,19.190000534057617,19.40999984741211,19.59000015258789,19.0,18.941940307617188,18.88639640808105,19.0463809967041,19.06340217590332,19.04324150085449,19.093578338623047,19.0808162689209,19.00614547729492,KLBN11,0.4925175717002467,f_6
2026-01-29 20:40:24,518.6500244140625,526.22998046875,514.77001953125,524.6799926757812,520.2999877929688,515.5900268554688,511.6700134277344,510.6207580566406,511.9819641113281,514.1837158203125,512.1820678710938,512.2218017578125,511.1737060546875,512.1268920898438,511.1143493652344,N1TA34,0.491274127193531,f_3
2026-01-29 19:07:55,13.699999809265137,13.550000190734863,13.510000228881836,13.479999542236328,13.350000381469728,13.050000190734863,13.0,13.031380653381348,13.02550220489502,13.013477325439451,13.009193420410156,12.963020324707031,12.96825122833252,12.967824935913086,13.06385898590088,M2PW34,0.4912229684682993,f_8
2026-01-29 21:06:00,14.220000267028809,14.4399995803833,14.6899995803833,15.020000457763672,15.3100004196167,15.600000381469728,15.510000228881836,15.406681060791016,15.366186141967772,15.495022773742676,15.524236679077148,15.572458267211914,15.541454315185549,15.586060523986816,15.422527313232422,MILS3,0.4903951900873949,f_7
2026-01-29 20:35:44,539.0,546.25,546.5,546.0499877929688,543.4000244140625,553.7999877929688,533.52001953125,529.9877319335938,535.1663208007812,533.026611328125,534.4384765625,532.7462768554688,535.1538696289062,536.1283569335938,535.6864624023438,P1GR34,0.4888921327892122,f_7
2026-01-29 21:07:44,42.619998931884766,43.880001068115234,44.75,45.68999862670898,47.70000076293945,48.97999954223633,48.130001068115234,48.3004150390625,48.36514663696289,47.99513244628906,48.29740905761719,48.17974090576172,48.12998962402344,47.54676818847656,47.29484558105469,RENT3,0.488563398357025,f_2
2026-01-29 21:06:00,5.340000152587891,5.440000057220459,5.590000152587891,5.590000152587891,5.730000019073486,5.670000076293945,5.650000095367432,5.66337251663208,5.612571716308594,5.611411094665527,5.639271259307861,5.677026748657227,5.677593231201172,5.630563259124756,5.581789016723633,MATD3,0.4883740773095649,f_6
2026-01-29 15:52:25,212.2899932861328,210.6199951171875,209.5500030517578,210.6300048828125,212.72999572753903,212.72999572753903,215.07000732421875,214.63284301757807,214.2050018310547,214.8211669921875,214.558837890625,214.64627075195312,215.22203063964844,215.36163330078125,216.11102294921875,D1LR34,0.4840357044442117,f_8
2026-01-29 21:07:37,80.61000061035156,80.81999969482422,82.13999938964844,82.16000366210938,80.80000305175781,80.26000213623047,81.1500015258789,80.83609771728516,81.37945556640625,81.25545501708984,81.3985824584961,81.50752258300781,81.4115982055664,81.5426254272461,80.91624450683594,JBSS32,0.483824884762299,f_7
2026-01-29 13:46:22,92.61000061035156,93.25,92.87999725341795,94.68000030517578,96.30999755859376,95.12999725341795,95.0999984741211,95.56009674072266,95.20716857910156,95.44482421875,95.12181854248048,95.05672454833984,94.94222259521484,94.52848052978516,94.79978942871094,N1WG34,0.4838047045045599,f_1
2026-01-28 13:00:00,478.5,478.5,478.5,462.2799987792969,462.2799987792969,462.2799987792969,462.2799987792969,461.4170227050781,459.730712890625,462.6822509765625,463.1983642578125,462.5481262207031,464.4710998535156,464.4903564453125,464.1535949707031,T1SO34,0.4781426131029521,f_7
2026-01-28 13:00:00,207.0,207.0,207.0,207.0,207.0,207.0,207.0,206.86181640625,206.8167419433593,206.6671905517578,206.90673828125,207.04571533203125,207.9892425537109,207.13784790039065,206.33059692382807,TKNO3,0.4778949534835447,f_6
2026-01-29 21:10:00,107.75,103.9000015258789,106.80999755859376,108.05999755859376,108.6999969482422,110.41999816894533,113.0,113.5399169921875,112.96473693847656,112.55943298339844,112.89127349853516,112.77681732177734,112.08154296875,113.0791015625,111.53450012207033,FCXO34,0.4778026479535397,f_1
2026-01-29 20:48:40,80.41999816894531,79.94999694824219,80.0999984741211,78.55000305175781,78.55000305175781,78.55000305175781,77.55000305175781,77.406494140625,77.90758514404297,77.92048645019531,77.36505126953125,77.71321868896484,77.79825592041016,77.66079711914062,77.3176040649414,N1UE34,0.4777348599074004,f_3
2026-01-29 14:42:55,65.55000305175781,65.55000305175781,65.55000305175781,65.55000305175781,65.55000305175781,65.55000305175781,64.5999984741211,64.80083465576172,64.75242614746094,64.78038024902344,64.90845489501953,64.69550323486328,64.4358139038086,64.36653137207031,64.46529388427734,SOND5,0.4774867309354594,f_4
2026-01-29 20:00:54,31.5,31.32999992370605,30.93000030517578,30.89999961853028,30.420000076293945,30.68000030517578,30.34000015258789,30.29427719116211,30.26555824279785,30.27371597290039,30.4167594909668,30.484844207763672,30.35021209716797,30.467588424682617,30.478395462036133,A1IV34,0.4774029480795062,f_5
2026-01-29 21:07:42,16.989999771118164,17.59000015258789,17.8700008392334,18.059999465942383,18.479999542236328,18.68000030517578,18.420000076293945,18.404415130615234,18.50728225708008,18.472686767578125,18.27788352966309,18.291400909423828,18.43167495727539,18.431293487548828,18.309955596923828,BBDC3,0.4738446277123672,f_2
2026-01-29 21:10:00,145.6999969482422,145.11000061035156,144.2100067138672,146.4199981689453,144.41000366210938,145.6199951171875,145.6300048828125,145.64341735839844,145.77871704101562,146.3140869140625,145.59739685058594,145.18600463867188,145.3248291015625,144.9705047607422,145.13597106933594,GOGL35,0.469739757133481,f_3
2026-01-29 21:07:40,41.66999816894531,43.08000183105469,43.56999969482422,44.150001525878906,45.31999969482422,46.34000015258789,46.150001525878906,46.36609649658203,46.17497634887695,45.98605728149414,45.774391174316406,46.10881805419922,46.1761360168457,45.936309814453125,46.03835678100586,ITUB4,0.4682447747741641,f_1
2026-01-28 13:00:00,56.70000076293945,56.70000076293945,56.70000076293945,56.70000076293945,56.70000076293945,55.08000183105469,55.08000183105469,55.11949157714844,55.14309310913086,55.05974960327149,55.08164978027344,54.96337127685547,55.1953010559082,55.24249649047852,55.33676528930664,C1HT34,0.4661645782792751,f_8
2026-01-29 20:33:30,26.6200008392334,26.809999465942383,26.670000076293945,26.280000686645508,25.549999237060547,25.81999969482422,26.06999969482422,26.0280818939209,26.03281021118164,26.071224212646484,26.10349464416504,26.090694427490234,26.191131591796875,25.96103477478028,26.176166534423828,DEOP34,0.4646409604550361,f_6
2026-01-29 21:07:42,15.4399995803833,15.90999984741211,16.0,15.850000381469728,15.710000038146973,16.15999984741211,15.710000038146973,15.672686576843262,15.66707992553711,15.61350440979004,15.693927764892578,15.72136688232422,15.780339241027832,15.782647132873535,15.675241470336914,VTRU3,0.4624258087215853,f_7
2026-01-29 21:10:00,70.4000015258789,70.08000183105469,68.63999938964844,69.0999984741211,67.69000244140625,65.69000244140625,66.4800033569336,66.6524658203125,66.52198791503906,66.58860778808594,66.49459838867188,66.21157836914062,66.53338623046875,66.78449249267578,66.74461364746094,TMOS34,0.4580161257023019,f_7
2026-01-29 21:07:40,57.72999954223633,58.310001373291016,59.09000015258789,60.22999954223633,61.70000076293945,62.220001220703125,60.970001220703125,61.00271224975586,61.19749450683594,61.120704650878906,61.1490592956543,61.24922943115234,60.56840133666992,60.815189361572266,61.056739807128906,BPAC11,0.4579763897961073,f_5
2026-01-29 21:05:00,34.400001525878906,34.34000015258789,33.79999923706055,34.060001373291016,34.2400016784668,33.529998779296875,33.79999923706055,33.765777587890625,33.81048583984375,33.8463020324707,33.84221649169922,33.86205291748047,33.88459014892578,33.954124450683594,33.81576919555664,PFIZ34,0.4559917665739288,f_7
2026-01-29 21:05:00,3.819999933242798,3.900000095367432,3.920000076293945,3.869999885559082,3.900000095367432,3.940000057220459,3.809999942779541,3.816925525665283,3.827353000640869,3.819533586502075,3.806594133377075,3.8021297454833984,3.808326244354248,3.815017938613892,3.8085036277771,KLBN3,0.455460843095667,f_2
2026-01-28 13:00:00,12.390000343322754,12.390000343322754,12.390000343322754,11.989999771118164,11.989999771118164,11.989999771118164,11.989999771118164,11.968721389770508,11.927135467529297,11.999923706054688,12.012651443481444,11.996615409851074,12.044037818908691,12.044512748718262,12.036208152770996,T1CH34,0.4546537000893861,f_7
2026-01-29 14:10:16,789.3400268554688,802.6400146484375,783.0599975585938,790.9099731445312,790.9099731445312,808.2100219726562,798.6599731445312,799.6583251953125,802.2846069335938,797.0974731445312,797.6802368164062,795.19921875,797.6820678710938,800.364501953125,802.2234497070312,N1RG34,0.4538394198962266,f_2
2026-01-29 21:07:43,36.02999877929688,36.27999877929688,37.720001220703125,37.84999847412109,38.90999984741211,40.040000915527344,40.29999923706055,40.41035461425781,40.17216110229492,40.1377067565918,40.44406509399414,40.162384033203125,40.48242950439453,40.12799453735352,40.14867401123047,PETR3,0.4526805726741019,f_6
2026-01-29 14:44:18,285.94000244140625,285.94000244140625,291.6000061035156,287.70001220703125,287.70001220703125,287.70001220703125,283.3599853515625,284.39764404296875,281.9482116699219,282.5238037109375,282.97381591796875,284.241455078125,284.5524597167969,283.92449951171875,284.6418151855469,BMYB34,0.4523679772195142,f_8
2026-01-29 16:40:38,26.68000030517578,26.68000030517578,26.01000022888184,26.049999237060547,26.049999237060547,25.11000061035156,25.81999969482422,25.7002067565918,25.796276092529297,25.71978187561035,25.93675804138184,25.70050811767578,25.768611907958984,25.853763580322266,25.917465209960938,V1MC34,0.4522011926321677,f_4
2026-01-29 19:09:42,137.42999267578125,137.8800048828125,139.0500030517578,139.5,140.6999969482422,138.50999450683594,139.13999938964844,139.2601318359375,139.29026794433594,139.3096160888672,139.76548767089844,139.40869140625,139.43960571289062,138.98455810546875,138.7436065673828,B1CS34,0.449538798328135,f_4
2026-01-29 21:07:39,82.5,82.9800033569336,85.0199966430664,83.06999969482422,84.9000015258789,86.97000122070312,87.41000366210938,87.75291442871094,86.97486114501953,87.18264770507812,87.23040008544922,87.43280792236328,87.80123138427734,87.15734100341797,86.63185119628906,VALE3,0.4475777437103103,f_6
2026-01-29 21:07:39,0.3700000047683716,0.3700000047683716,0.3700000047683716,0.3700000047683716,0.3700000047683716,0.3600000143051147,0.3600000143051147,0.3602437674999237,0.3603894710540771,0.3598749935626983,0.3600102066993713,0.3592800796031952,0.3607117533683777,0.3610030710697174,0.3615849912166595,AZTE3,0.4402713468231884,f_8
2026-01-29 19:09:42,105.0,103.88999938964844,108.0999984741211,110.33000183105467,108.0,107.8000030517578,109.97000122070312,109.94293212890624,109.2605209350586,110.32657623291016,110.45011138916016,109.59738159179688,109.5709457397461,109.80413818359376,109.66354370117188,C2OL34,0.4365828527122403,f_4
2026-01-29 21:07:50,5.920000076293945,5.889999866485596,6.110000133514404,6.190000057220459,6.139999866485596,6.150000095367432,6.179999828338623,6.162274360656738,6.194657325744629,6.174497604370117,6.1694512367248535,6.206921577453613,6.172783851623535,6.152990818023682,6.184554100036621,BEEF3,0.435627020433553,f_5
2026-01-29 21:07:00,5.849999904632568,6.130000114440918,6.150000095367432,6.139999866485596,6.510000228881836,6.690000057220459,6.809999942779541,6.839599132537842,6.828497886657715,6.799849987030029,6.750133514404297,6.815794944763184,6.82521915435791,6.752939701080322,6.799805164337158,SIMH3,0.4346430250661602,f_1
2026-01-29 19:10:26,61.630001068115234,61.97999954223633,62.16999816894531,61.869998931884766,61.70000076293945,61.09000015258789,60.70000076293945,60.70269393920898,60.6254768371582,60.68348693847656,60.67646026611328,60.64618682861328,60.67044448852539,60.84463119506836,60.96316146850586,B1AM34,0.4335431668183432,f_8
2026-01-29 21:07:46,26.950000762939453,27.88999938964844,28.39999961853028,28.530000686645508,28.770000457763672,29.09000015258789,28.670000076293945,28.54363250732422,28.60599136352539,28.40317726135254,28.511842727661133,28.794063568115234,28.68451499938965,28.74870109558105,28.761802673339844,VBBR3,0.4327293041197865,f_5
2026-01-29 21:07:45,6.519999980926514,6.840000152587891,7.070000171661377,7.019999980926514,7.21999979019165,7.230000019073486,7.119999885559082,7.150471687316895,7.077066898345947,7.078010559082031,7.074068069458008,7.108685493469238,7.089297771453857,7.072470188140869,7.1126885414123535,CSED3,0.4279747506684092,f_1
2026-01-29 17:22:45,33.33000183105469,33.33000183105469,33.70000076293945,33.18000030517578,33.2599983215332,32.36000061035156,32.75,32.78954315185547,32.788455963134766,32.86480712890625,32.8895378112793,32.649749755859375,32.778289794921875,32.7700309753418,32.791629791259766,S2UI34,0.4260696527612118,f_4
2026-01-29 21:14:24,0.2899999916553497,0.2800000011920929,0.3000000119209289,0.2899999916553497,0.3000000119209289,0.3000000119209289,0.2899999916553497,0.2897189557552337,0.2873866260051727,0.2866949737071991,0.2865564525127411,0.2912017405033111,0.2890181243419647,0.2904554307460785,0.2912352681159973,AMBP3,0.4259574124800825,f_8
2026-01-29 21:07:39,8.949999809265137,9.220000267028809,9.199999809265137,9.260000228881836,9.40999984741211,9.390000343322754,9.399999618530272,9.358708381652832,9.387264251708984,9.39165496826172,9.385254859924316,9.363218307495115,9.439963340759276,9.407116889953612,9.40482234954834,OPCT3,0.4251459984128424,f_6
2026-01-28 13:00:00,498.8999938964844,498.8999938964844,494.0,498.6000061035156,498.6000061035156,498.6000061035156,483.1400146484375,484.3250427246094,485.1775207519531,485.177978515625,483.9749755859375,484.4442443847656,482.3345031738281,482.0121154785156,482.59033203125,I1RM34,0.4218164104396213,f_3
2026-01-29 19:56:12,65.04000091552734,65.58999633789062,65.33999633789062,66.6500015258789,67.41000366210938,66.0,66.41999816894531,66.57841491699219,66.3630599975586,66.25666809082031,66.58592224121094,66.69979095458984,66.43608856201172,66.48979949951172,66.12985229492188,BCSA34,0.421247806922326,f_5
2026-01-29 21:06:00,5.039999961853027,5.110000133514404,5.079999923706055,5.159999847412109,5.190000057220459,5.340000152587891,5.269999980926514,5.25656270980835,5.292059898376465,5.283093929290772,5.254156589508057,5.269048690795898,5.260664463043213,5.249348163604736,5.249810218811035,FIQE3,0.4185942605273565,f_2
2026-01-29 20:32:47,1096.699951171875,1080.56005859375,1080.56005859375,1088.68994140625,1081.280029296875,1069.510009765625,1072.1500244140625,1071.732421875,1070.7076416015625,1069.6158447265625,1072.174072265625,1074.08544921875,1073.98388671875,1075.30126953125,1076.6318359375,M1CK34,0.4180209319014698,f_8
2026-01-28 13:00:00,107.0500030517578,107.0500030517578,107.0500030517578,126.9499969482422,130.0,130.0,130.0,126.40794372558594,128.14720153808594,130.54254150390625,129.4210205078125,129.08670043945312,129.40283203125,128.19407653808594,127.18738555908205,CLSC3,0.4173396183894231,f_3
2026-01-29 21:07:42,21.5,21.89999961853028,22.030000686645508,21.88999938964844,22.520000457763672,22.959999084472656,22.450000762939453,22.40836524963379,22.37800407409668,22.50872611999512,22.4533634185791,22.54361152648925,22.438220977783203,22.50227928161621,22.50222587585449,SMFT3,0.4169744337128829,f_5
2026-01-29 15:34:42,202.4900054931641,202.4900054931641,204.8800048828125,203.3999938964844,203.3999938964844,206.8300018310547,212.1499938964844,212.088134765625,211.975341796875,211.9765472412109,212.0567779541016,211.6066436767578,213.0344696044922,212.0706787109375,210.76144409179688,D1VN34,0.4169105507678591,f_6
2026-01-29 20:25:10,116.5199966430664,116.5199966430664,116.5199966430664,116.5199966430664,116.0,116.0,119.0999984741211,119.59617614746094,119.54842376708984,118.92180633544922,118.84990692138672,118.56919860839844,118.86288452148438,118.74895477294922,118.13921356201172,L1WH34,0.4166059443297615,f_1
2026-01-29 21:10:00,24.89999961853028,24.440000534057617,24.290000915527344,24.559999465942383,24.84000015258789,24.61000061035156,24.709999084472656,24.769853591918945,24.746845245361328,24.709522247314453,24.81283569335937,24.77841186523437,24.763090133666992,24.71283721923828,24.667869567871094,AVGO34,0.4161740699996202,f_4
2026-01-29 20:32:47,619.2899780273438,614.8800048828125,614.8800048828125,601.2100219726562,603.5999755859375,580.2000122070312,588.7000122070312,590.1851806640625,587.1467895507812,591.1422729492188,590.0916137695312,586.1026611328125,587.5537109375,590.3590087890625,589.4338989257812,T1EL34,0.4148565808639082,f_3
2026-01-29 21:06:00,33.900001525878906,35.029998779296875,34.939998626708984,34.9900016784668,35.13999938964844,34.20000076293945,34.04999923706055,34.072540283203125,34.14483642578125,34.18962860107422,34.02020263671875,34.03121566772461,33.88667297363281,33.87027740478516,33.949745178222656,ALUP11,0.4100715628260488,f_3
2026-01-29 19:59:35,472.6700134277344,462.1499938964844,475.9700012207031,477.3900146484375,480.4800109863281,484.510009765625,491.6199951171875,492.0154113769531,489.7376098632813,490.8355712890625,490.22467041015625,492.48736572265625,493.62701416015625,488.14892578125,489.60791015625,RIOT34,0.4082460158054264,f_6
2026-01-29 21:07:34,16.020000457763672,16.469999313354492,16.770000457763672,16.780000686645508,17.010000228881836,17.100000381469727,16.799999237060547,16.868261337280273,16.86690902709961,16.757614135742188,16.819719314575195,16.8237247467041,16.70378875732422,16.79967498779297,16.72422981262207,FLRY3,0.4063220435697484,f_1
2026-01-29 21:06:00,7.0,6.909999847412109,7.0,6.840000152587891,6.920000076293945,6.96999979019165,6.980000019073486,6.992074012756348,7.008319854736328,6.9828386306762695,6.98628568649292,6.967587947845459,6.988403797149658,6.979687690734863,6.97467851638794,DMVF3,0.405728303516551,f_2
2026-01-29 19:56:11,886.1900024414062,905.0499877929688,888.3599853515625,888.3599853515625,881.27001953125,883.52001953125,885.4600219726562,885.6635131835938,884.3887939453125,884.204833984375,883.2508544921875,885.9896850585938,887.9666748046875,888.7160034179688,889.0382080078125,C1BR34,0.4041047530508099,f_8
2026-01-28 13:00:00,820.0,820.0,820.0,820.0,803.1099853515625,803.1099853515625,803.1099853515625,802.3745727539062,803.0072021484375,805.4833374023438,803.6000366210938,803.00244140625,803.1806030273438,805.174560546875,806.347900390625,A1DI34,0.4031720558978106,f_8
2026-01-29 21:06:00,3.470000028610229,3.4600000381469727,3.4200000762939453,3.380000114440918,3.5299999713897705,3.440000057220459,3.4100000858306885,3.408710479736328,3.4021875858306885,3.412028312683105,3.4145777225494385,3.403181314468384,3.413591146469116,3.423740863800049,3.4223313331604004,BRST3,0.4029553555278884,f_7
2026-01-29 21:07:45,9.949999809265137,10.079999923706056,10.18000030517578,10.31999969482422,10.260000228881836,10.449999809265137,10.279999732971191,10.240324020385742,10.270501136779783,10.267932891845703,10.276453971862791,10.28684139251709,10.3214111328125,10.28825855255127,10.315455436706545,KEPL3,0.4028346392703612,f_6
2026-01-28 13:00:00,245.759994506836,245.759994506836,245.759994506836,245.759994506836,245.759994506836,245.759994506836,245.759994506836,245.621810913086,245.5767364501953,245.4271850585937,245.666732788086,245.8057098388672,246.74923706054688,245.89784240722656,245.0905914306641,M1CB34,0.4025238345630827,f_6
2026-01-29 20:54:44,4.900000095367432,4.980000019073486,5.099999904632568,5.269999980926514,5.300000190734863,5.440000057220459,5.320000171661377,5.33519458770752,5.316349983215332,5.3411126136779785,5.337320327758789,5.328352928161621,5.319459438323975,5.292934894561768,5.320375919342041,TPIS3,0.3968504010406522,f_3
2026-01-28 13:00:00,7.380000114440918,7.380000114440918,7.320000171661377,7.320000171661377,7.489999771118164,7.25,7.400000095367432,7.429357528686523,7.407166481018066,7.3775153160095215,7.368143081665039,7.386619567871094,7.40022611618042,7.410991668701172,7.363861083984375,AFLT3,0.3967220667668669,f_1
2026-01-29 19:48:23,20.100000381469727,21.0,20.979999542236328,20.979999542236328,22.270000457763672,22.270000457763672,22.270000457763672,22.281400680541992,22.35822868347168,22.18829917907715,22.26949882507324,22.264970779418945,22.21229553222656,22.11783599853516,22.16929626464844,EUCA3,0.3961752307789022,f_2
2026-01-29 20:54:20,489.510009765625,489.510009765625,491.1799926757813,495.55999755859375,481.989990234375,487.4100036621094,490.7999877929688,489.82177734375,489.6875,490.4900512695313,492.1232299804688,492.7401123046875,489.5804138183594,489.9501647949219,490.2136840820313,T1MU34,0.3952984026024755,f_5
2026-01-29 21:07:53,23.979999542236328,24.15999984741211,24.559999465942383,24.63999938964844,24.600000381469727,25.239999771118164,24.93000030517578,24.958362579345703,24.96851921081543,24.93651580810547,24.975717544555664,25.027889251708984,24.927188873291016,24.92489624023437,24.85614967346192,TIMS3,0.392655215944302,f_5
2026-01-29 20:32:36,7.420000076293945,7.679999828338623,7.559999942779541,7.639999866485596,7.5,7.659999847412109,7.5,7.527036666870117,7.529424667358398,7.4954657554626465,7.51878023147583,7.501011371612549,7.48812198638916,7.4673590660095215,7.500246047973633,F2NV34,0.3923288981119792,f_2
2026-01-29 21:07:53,4.329999923706055,4.409999847412109,4.5,4.539999961853027,4.53000020980835,4.699999809265137,4.800000190734863,4.7900166511535645,4.818727970123291,4.803983211517334,4.799970626831055,4.795222759246826,4.765031337738037,4.756946086883545,4.782619953155518,ARML3,0.3901620550885973,f_2
2026-01-29 21:05:00,8.279999732971191,8.319999694824219,8.390000343322754,8.449999809265137,8.329999923706055,8.270000457763672,8.369999885559082,8.380067825317383,8.369023323059082,8.345475196838379,8.35813045501709,8.396222114562988,8.402645111083984,8.395474433898926,8.393411636352539,PTNT3,0.3900265946386184,f_6
2026-01-29 13:01:00,283.0799865722656,286.8099975585937,286.8099975585937,286.8099975585937,286.8099975585937,286.8099975585937,281.07000732421875,281.21905517578125,281.3524169921875,281.0229187011719,281.50897216796875,280.6369323730469,281.2353515625,280.7641906738281,282.1659851074219,W1EC34,0.3899305349712739,f_8
2026-01-28 13:00:00,168.10000610351562,168.10000610351562,168.10000610351562,168.10000610351562,179.86000061035156,179.86000061035156,179.86000061035156,179.84278869628906,179.44874572753906,178.87648010253906,178.28245544433594,179.63552856445312,180.0646209716797,180.5597686767578,179.91278076171875,L1KQ34,0.3890626398485489,f_7
2026-01-28 13:00:00,254.72999572753903,254.72999572753903,254.72999572753903,254.72999572753903,254.72999572753903,254.72999572753903,254.72999572753903,254.59181213378903,254.54673767089844,254.39718627929688,254.63673400878903,254.7757110595703,255.71923828125,254.8678436279297,254.0605926513672,H1FC34,0.3883494564060049,f_6
2026-01-29 21:00:00,23.6200008392334,23.32999992370605,24.0,24.489999771118164,24.450000762939453,24.549999237060547,24.59000015258789,24.68539047241211,24.57038307189941,24.61138153076172,24.659183502197266,24.67505645751953,24.47307205200196,24.36974334716797,24.52265357971192,OFSA3,0.3879232176994506,f_1
2026-01-29 15:06:00,399.0,395.760009765625,400.7999877929688,401.2799987792969,392.0,391.0,397.0,397.8271179199219,397.6492614746094,397.2443542480469,397.7928161621094,396.2920837402344,396.9146423339844,398.5368957519531,397.2796020507813,C1BL34,0.3871273934390742,f_7
2026-01-29 20:40:24,26.020000457763672,26.450000762939453,26.299999237060547,26.21999931335449,25.530000686645508,25.39999961853028,25.13999938964844,25.046863555908203,25.083160400390625,25.175857543945312,25.20067596435547,25.23706817626953,25.121124267578125,25.201635360717773,25.157020568847656,JDCO34,0.3861129235391408,f_5
2026-01-29 14:38:17,100.66000366210938,100.66000366210938,100.66000366210938,97.9000015258789,97.9000015258789,97.9000015258789,97.9000015258789,97.753173828125,97.46623992919922,97.96847534179688,98.05628967285156,97.94564819335938,98.27286529541016,98.27613830566406,98.21883392333984,L1DO34,0.3842050806155792,f_7
2026-01-29 20:24:12,16.700000762939453,16.600000381469727,16.5,16.8799991607666,16.950000762939453,17.799999237060547,17.75,17.752798080444336,17.600252151489258,17.60141944885254,17.743358612060547,17.722240447998047,17.68920135498047,17.800662994384766,17.818004608154297,MNDL3,0.3831245529819542,f_8
2026-01-29 21:07:58,32.310001373291016,33.2400016784668,33.22999954223633,33.380001068115234,33.470001220703125,33.54999923706055,33.529998779296875,33.55146026611328,33.59775924682617,33.609676361083984,33.65837860107422,33.51370620727539,33.27814483642578,33.25035095214844,33.17283248901367,EGIE3,0.3828804844950128,f_4
2026-01-29 21:06:00,0.8399999737739563,0.8600000143051147,0.8700000047683716,0.8600000143051147,0.8700000047683716,0.8899999856948853,0.8799999952316284,0.8820940852165222,0.8833645582199097,0.8819007873535156,0.8758203387260437,0.8798472881317139,0.8728694319725037,0.8823491930961609,0.8794756531715393,ESPA3,0.3823367052855096,f_2
2026-01-29 21:07:46,14.050000190734863,14.220000267028809,14.8100004196167,14.850000381469728,15.050000190734863,15.149999618530272,14.880000114440918,14.864934921264648,14.889670372009276,14.932875633239746,14.936548233032228,14.893574714660645,14.884428977966309,14.80535888671875,14.785247802734377,RAIL3,0.3800276757822677,f_4
2026-01-29 19:56:11,115.5199966430664,114.8000030517578,112.55999755859376,113.8499984741211,113.47000122070312,112.9800033569336,113.0500030517578,112.8991470336914,112.9049835205078,113.37062072753906,113.22032165527344,112.8833999633789,112.7641143798828,113.11331939697266,113.47952270507812,S1RE34,0.3799377635785335,f_8
2026-01-29 20:54:40,91.44000244140624,92.87999725341795,95.1999969482422,95.76000213623048,95.5,96.0,95.4000015258789,94.81471252441406,94.39559173583984,94.49095153808594,94.6420669555664,95.60527801513672,95.38500213623048,95.76227569580078,94.77920532226562,B1SA34,0.3797423104061501,f_7
2026-01-29 21:06:00,17.969999313354492,18.200000762939453,18.010000228881836,17.690000534057617,17.90999984741211,18.049999237060547,17.979999542236328,17.932485580444336,17.918437957763672,17.92647361755371,17.996484756469727,18.04825782775879,18.023643493652344,18.010251998901367,17.961462020874023,VULC3,0.3796345231384309,f_5
2026-01-28 13:00:00,334.260009765625,334.260009765625,327.92999267578125,327.92999267578125,327.92999267578125,325.6099853515625,323.1700134277344,323.8283996582031,323.9626770019531,324.1983337402344,322.5348205566406,323.070556640625,323.6136169433594,321.9190979003906,324.3955383300781,J1EF34,0.3792198692400635,f_8
2026-01-29 20:54:30,137.0,138.05999755859375,141.85000610351562,144.60000610351562,146.3000030517578,159.57000732421875,152.63999938964844,153.09767150878906,151.6095733642578,152.9207305908203,153.0762481689453,152.71502685546875,153.14930725097656,153.21466064453125,152.94668579101562,G1FI34,0.3764814315911116,f_7
2026-01-29 20:54:30,42.95000076293945,42.59999847412109,43.400001525878906,43.400001525878906,43.18999862670898,43.90999984741211,44.630001068115234,44.36540603637695,44.79690170288086,44.56515884399414,44.70631790161133,44.63003158569336,44.54581832885742,44.38421630859375,44.64349365234375,COPH34,0.3739651148806781,f_2
2026-01-29 20:22:03,19.43000030517578,19.700000762939453,20.21999931335449,19.799999237060547,19.799999237060547,20.459999084472656,20.63999938964844,20.633657455444336,20.592288970947266,20.55851173400879,20.641578674316406,20.593544006347656,20.71704864501953,20.70195770263672,20.56669235229492,E1DU34,0.373300666906687,f_6
2026-01-29 18:52:49,152.10000610351562,151.1300048828125,150.10000610351562,152.10000610351562,155.25,154.89999389648438,154.39999389648438,153.868408203125,154.1416015625,153.4847412109375,153.83383178710938,154.5015869140625,154.97560119628906,154.33966064453125,154.5309600830078,INGG34,0.3728026700510082,f_6
2026-01-29 21:05:00,3.1700000762939453,3.200000047683716,3.1700000762939453,3.190000057220459,3.180000066757202,3.2300000190734863,3.1600000858306885,3.154704332351685,3.155047416687012,3.159263610839844,3.160170316696167,3.169652223587036,3.1697115898132324,3.1717419624328613,3.161707878112793,AERI3,0.3715783633938159,f_7
2026-01-29 19:29:16,696.030029296875,696.030029296875,696.030029296875,696.030029296875,684.5,684.5,664.0499877929688,665.7904052734375,665.44580078125,666.5133666992188,665.7849731445312,664.0956420898438,663.6786499023438,662.3038330078125,663.6944580078125,MCOR34,0.3709628720026434,f_3
2026-01-29 21:07:40,25.0,25.420000076293945,25.90999984741211,26.3700008392334,26.459999084472656,27.299999237060547,27.940000534057617,27.616846084594727,28.017179489135746,28.04279518127441,27.82950019836425,27.82004737854004,28.029748916625977,27.735641479492188,27.857357025146484,MDNE3,0.3679121161486549,f_3
2026-01-29 20:53:09,75.5999984741211,75.26000213623047,75.02999877929688,74.2699966430664,72.69999694824219,70.98999786376953,73.5,73.45170593261719,73.49433898925781,73.76907348632812,73.00685119628906,72.95130920410156,72.87914276123047,72.69487762451172,73.49531555175781,TMCO34,0.3660863759566326,f_3
2026-01-28 13:00:00,35.43000030517578,35.34000015258789,35.34000015258789,35.34000015258789,35.06999969482422,35.06999969482422,33.9900016784668,34.037635803222656,34.043495178222656,34.11441421508789,33.945613861083984,34.058040618896484,34.032596588134766,33.9855842590332,34.00775146484375,BOXP34,0.3660268622461147,f_3
2026-01-29 21:07:49,14.3100004196167,14.59000015258789,14.899999618530272,15.050000190734863,14.869999885559082,14.949999809265137,14.760000228881836,14.79810619354248,14.81373691558838,14.761292457580566,14.786310195922852,14.751758575439451,14.599791526794434,14.595614433288574,14.647369384765623,ABEV3,0.3640696874881678,f_2
2026-01-28 13:00:00,42.77999877929688,42.77999877929688,42.77999877929688,42.2400016784668,42.2400016784668,41.70000076293945,41.70000076293945,41.69126129150391,41.71731948852539,41.725433349609375,41.76388549804688,41.84983444213867,41.72888946533203,41.70598983764648,41.683738708496094,Z1BR34,0.3593133728006601,f_5
2026-01-29 21:00:00,10.130000114440918,10.520000457763672,10.550000190734863,10.770000457763672,10.729999542236328,10.609999656677246,10.699999809265137,10.6956148147583,10.707389831542969,10.738432884216309,10.710259437561035,10.650856018066406,10.59267807006836,10.607746124267578,10.613762855529783,ALPA3,0.3591876227688588,f_3
2026-01-29 21:05:00,46.720001220703125,46.93999862670898,46.59999847412109,47.18000030517578,48.0,48.29999923706055,49.43999862670898,49.32698822021485,49.42545318603516,49.6175537109375,49.49655532836914,49.53811264038086,49.34977340698242,48.93898391723633,49.239688873291016,FIGS11,0.359132461894113,f_3
2026-01-29 20:24:16,155.27999877929688,157.1699981689453,155.52000427246094,155.1999969482422,152.10000610351562,151.1199951171875,150.3000030517578,149.94403076171875,150.39707946777344,150.61058044433594,150.37831115722656,150.83834838867188,150.2310028076172,150.1125946044922,150.72120666503906,EVTC31,0.3581805229429543,f_5
2026-01-28 13:00:00,71.58999633789062,71.58999633789062,71.05000305175781,71.80000305175781,73.01000213623047,73.01000213623047,73.63999938964844,73.61506652832031,73.82915496826172,73.89278411865234,73.9035873413086,73.636962890625,73.2822265625,73.37004852294922,73.340576171875,N1GG34,0.3579412735535801,f_4
2026-01-29 21:06:00,13.130000114440918,13.199999809265137,12.8100004196167,12.640000343322754,12.640000343322754,12.510000228881836,13.079999923706056,13.126633644104004,13.085006713867188,13.065876960754396,13.056231498718262,12.96995735168457,13.029434204101562,13.045071601867676,12.968525886535645,PINE3,0.3565269164369852,f_1
2026-01-29 21:05:00,89.80000305175781,89.66000366210938,88.9000015258789,89.3499984741211,86.5999984741211,86.69999694824219,88.66999816894531,88.27689361572266,88.37146759033203,88.22529602050781,88.0719985961914,88.38771057128906,88.98568725585938,88.93939971923828,88.45771789550781,MSCD34,0.3560269464679267,f_6
2026-01-29 18:55:02,94.26000213623048,94.26000213623048,94.26000213623048,94.26000213623048,94.26000213623048,90.23999786376952,89.5199966430664,89.66014099121094,89.62200164794922,89.45904541015625,89.33950805664062,89.83724975585938,89.68325805664062,89.37516021728516,89.66954040527344,P1EA34,0.3543935709223922,f_5
2026-01-28 13:00:00,280.8399963378906,280.8399963378906,286.0,286.0,286.0,286.0,286.0,285.2352600097656,286.0163879394531,286.5111694335937,287.0121154785156,285.0894775390625,284.7001953125,284.9097595214844,285.49041748046875,T1RO34,0.3538865309495193,f_4
2026-01-28 13:00:00,308.760009765625,308.760009765625,308.760009765625,308.760009765625,303.17999267578125,303.17999267578125,303.17999267578125,302.9369812011719,303.1459655761719,303.9640197753906,303.3418273925781,303.1444091796875,303.2032470703125,303.8620300292969,304.2496643066406,A1SU34,0.3528173549378224,f_8
2026-01-29 21:10:00,173.16000366210938,168.19000244140625,170.05999755859375,168.60000610351562,172.72999572753906,174.92999267578125,172.97000122070312,172.5264892578125,173.1980438232422,173.1376190185547,172.6658477783203,172.93777465820312,173.57994079589844,173.4053955078125,173.46263122558594,A1MT34,0.352627375204243,f_6
2026-01-28 13:00:00,186.2400054931641,186.2400054931641,186.2400054931641,186.83999633789065,184.1100006103516,184.1100006103516,184.1100006103516,184.10177612304688,184.2760772705078,184.7540283203125,184.5489501953125,184.27296447753903,184.483154296875,184.04754638671875,183.9506683349609,E1XR34,0.3498059354874214,f_3
2026-01-28 13:00:00,104.27999877929688,104.58999633789062,104.2699966430664,104.2699966430664,104.68000030517578,104.68000030517578,109.31999969482422,108.46989440917967,108.87001037597656,109.13291931152344,109.61163330078124,109.09027099609376,109.700927734375,109.22901153564452,109.26642608642578,K1TC34,0.3484522874260641,f_6
2026-01-29 21:05:00,89.68000030517578,89.5,89.94999694824219,92.75,93.88999938964844,94.5,95.25,95.08541107177734,95.38778686523438,95.421142578125,94.8818588256836,95.0010986328125,95.5801239013672,95.21438598632812,94.78662872314452,BCIA11,0.3465867730889108,f_6
2026-01-28 13:00:00,458.3599853515625,458.3599853515625,466.4800109863281,466.4800109863281,466.4800109863281,466.4800109863281,466.4800109863281,465.2766418457031,466.5058288574219,467.284423828125,468.07275390625,465.0471801757813,464.43463134765625,464.764404296875,465.6781311035156,L1HX34,0.341438621679452,f_4
2026-01-29 20:45:27,533.0,542.5,537.9000244140625,530.0,520.0,515.3200073242188,513.239990234375,514.1768188476562,514.989013671875,514.8993530273438,512.2152099609375,510.0636901855469,514.38232421875,514.4521484375,513.1618041992188,KMBB34,0.3407808180927786,f_2
2026-01-29 19:56:14,39.40999984741211,39.0,39.369998931884766,39.63999938964844,38.93999862670898,38.52000045776367,39.38999938964844,39.3758659362793,39.19989013671875,39.101661682128906,39.38754653930664,39.35252380371094,39.46685028076172,39.52311706542969,39.49883270263672,T1OW34,0.337947900086114,f_7
2026-01-29 18:13:13,40.15999984741211,40.15999984741211,40.79999923706055,41.20000076293945,41.0,40.43999862670898,40.470001220703125,40.49673461914063,40.60637283325195,40.53815078735352,40.51172637939453,40.59355545043945,40.58754348754883,40.583683013916016,40.52203369140625,A1EG34,0.3369696279600429,f_2
2026-01-29 21:06:00,16.270000457763672,16.59000015258789,16.84000015258789,16.950000762939453,17.170000076293945,17.31999969482422,17.239999771118164,17.159982681274414,17.167497634887695,17.224529266357422,17.21454620361328,17.266849517822266,17.197633743286133,17.258901596069336,17.2974853515625,PRNR3,0.3334430464473695,f_8
2026-01-29 20:40:24,26.13999938964844,26.309999465942383,25.940000534057617,25.68000030517578,25.31999969482422,25.0,24.940000534057617,24.83639144897461,24.91326332092285,25.02288055419922,25.022201538085938,25.01814842224121,25.021015167236328,24.919057846069336,24.98516845703125,ELCI34,0.3323176357932394,f_3
2026-01-29 21:06:00,70.0999984741211,71.4000015258789,71.81999969482422,72.08000183105469,75.1500015258789,74.30999755859375,73.87999725341797,73.80579376220703,73.00413513183594,73.42829895019531,73.56187438964844,74.12535095214844,73.9881362915039,73.86778259277344,74.01197052001953,ORVR3,0.3320976013153787,f_5
2026-01-29 20:47:23,110.54000091552734,110.75,111.3000030517578,112.31999969482422,114.94000244140624,113.06999969482422,114.83999633789062,115.22052764892578,114.7382354736328,114.65711975097656,114.77110290527344,114.55911254882812,114.65957641601562,114.62069702148438,114.48644256591795,H1SB34,0.3313578223352857,f_1
2026-01-29 21:05:00,3.2799999713897705,3.309999942779541,3.3499999046325684,3.390000104904175,3.430000066757202,3.400000095367432,3.3499999046325684,3.3567540645599365,3.3516249656677246,3.361032247543335,3.3354179859161377,3.353048086166382,3.344303846359253,3.3559579849243164,3.355580568313598,IGTI3,0.3293236783532577,f_3
2026-01-29 14:23:58,303.0299987792969,325.510009765625,325.510009765625,323.0,323.0,325.0,322.8800048828125,321.1587829589844,321.7846984863281,319.4117736816406,322.368896484375,323.0191955566406,323.94000244140625,320.0159912109375,314.5912475585937,P1AC34,0.3282945808237553,f_6
2026-01-29 21:07:00,1.3799999952316284,1.399999976158142,1.440000057220459,1.440000057220459,1.4500000476837158,1.3899999856948853,1.4299999475479126,1.4300724267959597,1.4346930980682373,1.4262511730194092,1.430332899093628,1.410330891609192,1.4166932106018066,1.4127109050750732,1.4172179698944092,MLAS3,0.3281923561166747,f_2
2026-01-29 21:12:00,65.69999694824219,65.61000061035156,65.52999877929688,67.3499984741211,66.91999816894531,66.87000274658203,67.31999969482422,67.19218444824219,67.18000030517578,67.29601287841797,67.10153198242188,67.54070281982422,67.41557312011719,67.22173309326172,66.94664764404297,AAPL34,0.3278418389787491,f_5
2026-01-29 21:07:00,5.75,5.900000095367432,6.039999961853027,6.039999961853027,6.150000095367432,6.21999979019165,6.119999885559082,6.13616418838501,6.132953643798828,6.138119220733643,6.140055179595947,6.110292911529541,6.104346752166748,6.096505165100098,6.113278388977051,POMO3,0.3277008890831558,f_4
2026-01-29 16:33:25,222.07000732421875,227.2400054931641,232.82000732421875,233.22000122070312,233.22000122070312,233.22000122070312,230.0,230.75259399414065,229.60983276367188,229.2742614746093,229.36392211914065,228.68682861328125,227.15139770507807,226.2190093994141,225.4324951171875,A1CR34,0.3272147800611413,f_1
2026-01-29 21:07:47,130.82000732421875,135.07000732421875,139.14999389648438,138.89999389648438,140.5,141.75999450683594,139.6300048828125,139.55758666992188,138.54689025878906,139.85414123535156,140.0847930908203,139.24179077148438,138.33152770996094,139.07078552246094,137.58238220214844,SBSP3,0.3257095123569632,f_4
2026-01-29 16:00:04,138.8800048828125,140.0,140.0,143.4600067138672,142.8000030517578,142.8000030517578,144.17999267578125,143.74688720703125,143.7395782470703,144.48390197753906,144.6476287841797,144.4957275390625,144.38394165039062,143.8937530517578,143.53517150878906,C1PB34,0.3243418866374994,f_4
2026-01-29 18:32:05,544.5,539.6500244140625,538.9199829101562,538.9199829101562,538.9199829101562,538.9199829101562,528.9400024414062,530.0250244140625,529.6202392578125,528.2638549804688,527.325439453125,529.174560546875,529.717041015625,530.6552124023438,529.6856689453125,EAIN34,0.32427306556900165,f_7
2026-01-19 13:00:00,23.440000534057617,23.39999961853028,23.39999961853028,22.84000015258789,23.059999465942383,22.71999931335449,23.34000015258789,23.3031063079834,23.21751594543457,23.267108917236328,23.242263793945312,23.306127548217773,23.413110733032227,23.415611267089844,23.255220413208008,H2TA34,0.3239550728690527,f_7
2026-01-29 20:40:45,666.8900146484375,658.97998046875,675.7000122070312,678.3900146484375,662.6599731445312,667.219970703125,653.030029296875,651.705078125,654.3529663085938,655.1166381835938,654.76953125,655.0985717773438,654.6914672851562,654.329833984375,654.7943115234375,S1PO34,0.3195272488411331,f_3
2026-01-29 21:07:31,47.59000015258789,49.22999954223633,49.869998931884766,51.61000061035156,52.70000076293945,51.56999969482422,52.06999969482422,52.07337951660156,51.83586120605469,51.7910385131836,51.57398986816406,52.03641128540039,52.23620223999024,51.94227600097656,51.97725296020508,WEGE3,0.3191906013829614,f_6
2026-01-28 13:00:00,578.8300170898438,566.5999755859375,569.4299926757812,569.4299926757812,574.9000244140625,574.9000244140625,574.9000244140625,574.9638061523438,575.6490478515625,575.3067626953125,575.5663452148438,576.7205200195312,575.3854370117188,574.7255249023438,575.8771362304688,R1SG34,0.3166629897649069,f_5
2026-01-29 21:07:36,4.650000095367432,4.769999980926514,4.840000152587891,4.860000133514404,4.980000019073486,4.920000076293945,4.920000076293945,4.915370941162109,4.8983659744262695,4.912188053131104,4.920705795288086,4.935577869415283,4.928440570831299,4.895005702972412,4.905975818634033,GRND3,0.3166218064994842,f_5
2026-01-29 20:50:35,196.08999633789065,193.4100036621093,188.44000244140625,191.9100036621093,189.42999267578125,189.4600067138672,188.8600006103516,188.6583404541016,187.9529724121093,188.62437438964844,189.45602416992188,189.1981506347656,188.9856719970703,189.21728515625,189.25457763671875,MSBR34,0.315590150187495,f_4
2026-01-29 20:42:08,6.21999979019165,6.079999923706055,6.03000020980835,6.0,5.96999979019165,6.019999980926514,6.170000076293945,6.154748916625977,6.189458847045898,6.166024684906006,6.173814296722412,6.167579650878906,6.154026508331299,6.153177738189697,6.1745924949646,S2HO34,0.3153771557753557,f_2
2026-01-29 17:18:30,4.300000190734863,4.409999847412109,4.489999771118164,4.25,4.329999923706055,4.28000020980835,4.21999979019165,4.216915130615234,4.1955084800720215,4.20573091506958,4.233290672302246,4.217840194702148,4.225065231323242,4.228721618652344,4.221794605255127,C2AC34,0.314949828705847,f_4
2026-01-29 15:29:13,140.77000427246094,143.89999389648438,143.5,142.33999633789062,142.33999633789062,138.88999938964844,143.60000610351562,142.65823364257812,142.97314453125,143.0135955810547,144.05075073242188,143.83404541015625,142.839111328125,142.37850952148438,140.6016082763672,GPSI34,0.3138890040027755,f_4
2026-01-29 21:07:40,29.13999938964844,29.39999961853028,29.770000457763672,29.81999969482422,30.489999771118164,31.170000076293945,30.780000686645508,30.811975479125977,30.876415252685547,30.713417053222656,30.837446212768555,30.749454498291016,30.67424964904785,30.54505157470703,30.515140533447266,ALOS3,0.3132376994451152,f_2
2026-01-28 13:00:00,11.800000190734863,11.75,12.130000114440918,12.130000114440918,12.300000190734863,12.300000190734863,12.770000457763672,12.70205020904541,12.76674747467041,12.792272567749023,12.79672622680664,12.713805198669434,12.752312660217283,12.678695678710938,12.809969902038574,IGTI4,0.3129948538929178,f_8
2026-01-29 21:10:00,20.32999992370605,20.3700008392334,20.559999465942383,20.440000534057617,20.38999938964844,20.739999771118164,20.84000015258789,20.850505828857425,20.86435317993164,20.819698333740234,20.773326873779297,20.783058166503903,20.79644775390625,20.82805633544922,20.90516471862793,NVDC34,0.312689853948715,f_8
2026-01-29 21:07:47,6.329999923706055,6.579999923706055,6.760000228881836,6.679999828338623,6.670000076293945,6.699999809265137,6.75,6.72859525680542,6.748315334320068,6.74630069732666,6.771055698394775,6.73202657699585,6.723175048828125,6.745563507080078,6.763843536376953,CAML3,0.3119362725151909,f_4
2026-01-29 15:18:09,67.06999969482422,67.06999969482422,67.06999969482422,67.06999969482422,64.80999755859375,64.80999755859375,65.16999816894531,65.23863983154297,65.135986328125,65.37281036376953,65.25362396240234,65.27996826171875,65.3211441040039,65.17546081542969,65.28141784667969,H1LT34,0.3112048496586616,f_3
2026-01-29 21:05:00,77.56999969482422,76.9800033569336,77.5,77.66999816894531,77.2300033569336,78.56999969482422,78.58999633789062,78.45985412597656,78.41924285888672,78.47122192382812,78.2776107788086,78.49030303955078,78.833984375,78.62537384033203,78.67601013183594,JNJB34,0.3104568628052486,f_6
2026-01-29 20:32:46,151.8000030517578,151.8000030517578,150.89999389648438,152.0,150.14999389648438,150.14999389648438,152.10000610351562,152.57176208496094,152.21511840820312,152.01101684570312,151.5524139404297,151.51380920410156,151.71035766601562,151.79293823242188,152.16830444335938,BIIB34,0.310161711054927,f_1
2026-01-28 13:00:00,319.70001220703125,319.70001220703125,319.70001220703125,319.70001220703125,319.70001220703125,319.70001220703125,319.70001220703125,319.56182861328125,319.5167541503906,319.3671875,319.60675048828125,319.7457275390625,320.6892395019531,319.8378601074219,319.0306091308594,G1AR34,0.3094236024868436,f_6
2026-01-28 13:00:00,320.0,320.0,320.0,320.0,320.0,320.0,320.0,319.86181640625,319.8167419433594,319.66717529296875,319.90673828125,320.04571533203125,320.9892272949219,320.1378479003906,319.3305969238281,P1DT34,0.3091335296630859,f_6
2026-01-29 19:48:42,20.5,22.299999237060547,23.200000762939453,23.26000022888184,22.0,21.770000457763672,21.770000457763672,21.66567611694336,21.83708572387696,21.74504852294922,21.730377197265625,21.730348587036133,21.357994079589844,21.421875,21.50754737854004,U2PW34,0.3081546380462162,f_2
2026-01-29 21:00:00,0.8600000143051147,0.8799999952316284,0.8700000047683716,0.8799999952316284,0.8600000143051147,0.8500000238418579,0.8600000143051147,0.8626486659049988,0.8614668846130371,0.8612692356109619,0.8566996455192566,0.8605586886405945,0.8608928918838501,0.8568406105041504,0.8605497479438782,AVLL3,0.307982739049622,f_1
2026-01-29 21:10:00,101.29000091552734,101.33999633789062,100.0,100.91000366210938,98.93000030517578,98.3000030517578,98.9800033569336,99.04690551757812,98.76649475097656,98.83333587646484,99.06271362304688,99.11682891845705,99.1126480102539,99.28427124023438,99.24079895019533,CTGP34,0.3074033875343036,f_7
2026-01-29 20:43:37,603.0599975585938,621.4099731445312,610.25,612.3900146484375,595.1099853515625,609.0900268554688,611.6599731445312,608.4995727539062,610.240478515625,609.3294067382812,607.3071899414062,609.9119262695312,609.7672729492188,612.6272583007812,613.5391845703125,D1EL34,0.307231388073387,f_8
2026-01-28 13:00:00,322.0199890136719,322.0199890136719,322.0199890136719,322.0199890136719,322.0199890136719,322.0199890136719,322.0199890136719,321.8818054199219,321.83673095703125,321.6871643066406,321.9267272949219,322.0657043457031,323.0092163085937,322.1578369140625,321.3505859375,Z1IO34,0.307194375713079,f_6
2026-01-29 16:33:30,1577.8800048828125,1567.06005859375,1542.8399658203125,1543.5400390625,1531.9200439453125,1529.1199951171875,1634.780029296875,1632.085205078125,1639.45263671875,1639.77978515625,1636.5386962890625,1624.0953369140625,1625.3751220703125,1614.37353515625,1618.7724609375,IBMB34,0.3058366122520724,f_3
2026-01-29 21:07:44,11.15999984741211,11.470000267028809,11.710000038146973,11.420000076293944,11.630000114440918,11.59000015258789,11.510000228881836,11.544843673706056,11.46247100830078,11.493688583374023,11.470298767089844,11.465994834899902,11.433820724487305,11.43215274810791,11.480966567993164,CMIG4,0.302723233113295,f_1
2026-01-28 13:00:00,297.2900085449219,297.2900085449219,297.2900085449219,297.2900085449219,304.79998779296875,302.67999267578125,302.67999267578125,301.45428466796875,303.4424743652344,303.5918273925781,303.05743408203125,301.9093322753906,301.33123779296875,301.61444091796875,300.73748779296875,UPAC34,0.3012537131166102,f_3
2026-01-28 13:00:00,144.14999389648438,144.14999389648438,144.30999755859375,142.1999969482422,141.0,141.0,141.0,141.25347900390625,141.39869689941406,141.34902954101562,141.42185974121094,141.08419799804688,140.47976684570312,141.03453063964844,141.1015625,W1YC34,0.2991913058233599,f_4
2026-01-28 13:00:00,468.4400024414063,468.4400024414063,468.4400024414063,460.0,460.0,453.0,453.0,451.89013671875,454.2422180175781,453.0102844238281,453.928466796875,453.6516723632813,453.4673767089844,453.5187683105469,454.3540344238281,I1CE34,0.2989038463196743,f_8
2026-01-29 20:54:56,2.740000009536743,2.759999990463257,2.7799999713897705,2.789999961853028,2.809999942779541,2.789999961853028,2.759999990463257,2.759345769882202,2.758955717086792,2.761197805404663,2.768181562423706,2.763829231262207,2.763835906982422,2.759562730789185,2.761766195297241,WDCN3,0.2964337677072227,f_4
2026-01-29 19:04:58,617.6900024414062,624.030029296875,622.010009765625,629.77001953125,616.3900146484375,620.47998046875,616.719970703125,615.8421630859375,615.0023803710938,617.947265625,616.35107421875,617.9010620117188,618.53466796875,617.1878051757812,617.8306274414062,VRTX34,0.2942497976117193,f_6
2026-01-28 13:00:00,338.7900085449219,338.7900085449219,338.7900085449219,338.7900085449219,338.7900085449219,338.7900085449219,338.7900085449219,338.6518249511719,338.60675048828125,338.4571838378906,338.6967468261719,338.8357238769531,339.7792358398437,338.9278564453125,338.12060546875,K1RC34,0.2919883319967236,f_6
2026-01-29 21:07:55,15.5,15.619999885559082,15.81999969482422,15.68000030517578,16.15999984741211,16.510000228881836,16.68000030517578,16.635696411132812,16.66155242919922,16.728614807128906,16.687028884887695,16.640466690063477,16.612730026245117,16.669538497924805,16.645959854125977,B3SA3,0.2914538433074248,f_3
2026-01-28 13:00:00,220.94000244140625,220.94000244140625,220.94000244140625,220.94000244140625,214.8300018310547,214.8999938964844,214.8999938964844,214.9282989501953,215.1398162841797,215.42355346679688,215.07974243164065,214.9685821533203,214.8903350830078,215.188705444336,215.52374267578125,L1NC34,0.2902507198754644,f_8
2026-01-28 13:00:00,293.2200012207031,298.79998779296875,301.32000732421875,293.1700134277344,295.5,289.0799865722656,289.0799865722656,288.01434326171875,289.2097473144531,288.1869201660156,288.67431640625,289.39569091796875,289.4415588378906,289.5649108886719,289.91900634765625,P1PG34,0.2902379321859013,f_8
2026-01-29 20:53:10,73.48999786376953,73.16000366210938,73.01000213623047,74.0,72.29000091552734,71.54000091552734,71.69999694824219,71.75164031982422,71.86908721923828,71.90487670898438,71.87732696533203,71.76746368408203,71.9007339477539,71.2560806274414,71.5599365234375,D2AS34,0.2857458430438753,f_3
2026-01-29 21:10:00,61.68999862670898,61.86000061035156,62.93999862670898,63.04999923706055,63.77000045776367,63.16999816894531,62.90999984741211,62.97816467285156,62.74367141723633,63.0654525756836,63.08305358886719,63.08802795410156,62.86474609375,62.81467819213867,62.705814361572266,AMZO34,0.2829885663984413,f_5
2026-01-29 13:33:34,93.54000091552734,95.16000366210938,95.16000366210938,95.16000366210938,96.83999633789062,96.83999633789062,96.8000030517578,96.84770965576172,96.93981170654295,96.86455535888672,97.07262420654295,96.9152374267578,96.42526245117188,96.00779724121094,95.61360931396484,CSXC34,0.2816334154859364,f_4
2026-01-29 21:06:00,10.260000228881836,10.470000267028809,10.789999961853027,10.800000190734863,10.760000228881836,11.050000190734863,10.859999656677246,10.877665519714355,10.871212005615234,10.876131057739258,10.89031219482422,10.843031883239746,10.856392860412598,10.837636947631836,10.866277694702148,MYPK3,0.2791209862362662,f_4
2026-01-28 13:00:00,218.67999267578125,218.67999267578125,218.67999267578125,214.3000030517578,214.3000030517578,214.3000030517578,214.3000030517578,214.0670166015625,213.6116485595703,214.4086761474609,214.54803466796875,214.37245178222656,214.8917236328125,214.8969268798828,214.8059844970703,H1AS34,0.2785458794327832,f_7
2026-01-29 17:45:51,152.60000610351562,153.6999969482422,152.8000030517578,153.8000030517578,153.0,150.39999389648438,150.75,150.60716247558594,150.53189086914062,150.9734344482422,151.15615844726562,151.15866088867188,150.92469787597656,151.1692352294922,150.83079528808594,MDLZ34,0.2780996547211857,f_7
2026-01-29 20:54:29,71.97000122070312,71.75,72.23999786376953,72.58999633789062,72.66999816894531,71.30999755859375,71.4800033569336,71.39958953857422,71.5597915649414,71.48758697509766,71.30926513671875,71.5313720703125,71.49937438964844,71.63076782226562,71.67840576171875,ABBV34,0.2775635079288382,f_8
2026-01-29 19:56:40,47.400001525878906,47.0,48.04999923706055,47.95000076293945,49.08000183105469,48.9900016784668,49.25,49.215606689453125,49.05893707275391,49.38656234741211,49.16334915161133,49.23307418823242,49.10862731933594,49.038551330566406,49.18675231933594,B1PP34,0.2772839541362627,f_3
2026-01-28 13:00:00,358.6600036621094,358.6600036621094,358.6600036621094,358.6600036621094,358.6600036621094,358.6600036621094,358.6600036621094,358.5218200683594,358.47674560546875,358.3271789550781,358.5667419433594,358.7057189941406,359.64923095703125,358.7978515625,357.9906005859375,L1CA34,0.275811990414693,f_6
2026-01-28 13:00:00,358.75,358.75,358.75,358.75,358.75,358.75,358.75,358.61181640625,358.5667419433594,358.41717529296875,358.65673828125,358.79571533203125,359.7392272949219,358.8878479003906,358.0805969238281,BBYY34,0.275742799978223,f_6
2026-01-29 21:06:00,14.300000190734863,14.4399995803833,14.609999656677246,14.789999961853027,14.789999961853027,15.239999771118164,15.100000381469728,15.003104209899902,15.044563293457031,15.126716613769531,15.14134407043457,15.123010635375977,15.1043701171875,15.115102767944336,14.979192733764648,PLPL3,0.2737992577508772,f_4
2026-01-28 13:00:00,14.989999771118164,14.789999961853027,14.789999961853027,14.789999961853027,14.899999618530272,14.899999618530272,14.899999618530272,14.89187717437744,14.899937629699709,14.898151397705078,14.893878936767578,14.902839660644531,14.927322387695312,14.931914329528809,14.940713882446287,FIEI3,0.2732501003918257,f_8
2026-01-29 21:11:00,89.0,87.91999816894531,87.97000122070312,88.16999816894531,87.45999908447266,88.47000122070312,88.91999816894531,88.7887954711914,88.74456787109375,88.87057495117188,88.97320556640625,89.03974914550781,89.1603012084961,89.11998748779297,88.98135375976562,CHVX34,0.2702463388429369,f_6
2026-01-28 13:00:00,638.719970703125,638.7000122070312,636.0,636.0,636.0,636.0,636.0,635.9303588867188,635.966064453125,635.9495849609375,635.7049560546875,636.1121826171875,636.549560546875,637.0550537109375,637.718017578125,DUKB34,0.2701285500196541,f_8
2026-01-28 13:00:00,222.0,222.0,222.0,233.1999969482422,233.1999969482422,233.1999969482422,233.1999969482422,232.68801879882807,231.621826171875,232.9900054931641,232.3924255371093,233.50978088378903,233.8284912109375,231.8187713623047,229.38829040527344,FASL34,0.2695086925043161,f_6
2026-01-29 21:06:00,1.2300000190734863,1.2300000190734863,1.2400000095367432,1.2300000190734863,1.2300000190734863,1.2200000286102295,1.2000000476837158,1.203219652175903,1.2022147178649902,1.20220148563385,1.2020684480667114,1.1994060277938845,1.1983834505081177,1.198820948600769,1.203091025352478,MEAL3,0.2683003636876597,f_1
2026-01-29 15:03:55,4.170000076293945,4.360000133514404,4.349999904632568,4.300000190734863,4.449999809265137,4.489999771118164,4.349999904632568,4.357902050018311,4.361594676971436,4.347917556762695,4.358026027679443,4.333940505981445,4.322604179382324,4.30487871170044,4.301415920257568,F2VR34,0.2665464963923157,f_2
2026-01-29 20:23:29,111.77999877929688,112.47000122070312,112.3000030517578,112.75,114.0,113.41000366210938,114.19000244140624,114.4940948486328,114.19645690917967,113.85411071777344,114.06749725341795,114.09608459472656,113.91985321044922,114.17877960205078,114.22776794433594,NEXT34,0.2663038801339897,f_1
2026-01-29 18:36:05,22.0,21.450000762939453,22.01000022888184,22.0,22.21999931335449,21.309999465942383,21.3799991607666,21.30879020690918,21.33149528503418,21.436899185180664,21.35659408569336,21.357471466064453,21.38596534729004,21.360292434692383,21.38354682922364,FLRP11,0.2661367008773179,f_3
2026-01-29 21:05:00,4.159999847412109,4.199999809265137,4.489999771118164,4.289999961853027,4.320000171661377,4.349999904632568,4.25,4.21422004699707,4.217482089996338,4.228590965270996,4.240320682525635,4.261301517486572,4.259740829467773,4.253182411193848,4.21081018447876,AALR3,0.2659180585075827,f_5
2026-01-29 20:32:46,280.5599975585937,278.6000061035156,271.1499938964844,270.0,269.19000244140625,264.3299865722656,264.4200134277344,264.2186889648437,265.1169738769531,264.95343017578125,264.7781982421875,265.0424194335937,264.9632263183594,264.4833068847656,263.6174011230469,I1NC34,0.2635808236237111,f_2
2026-01-29 21:07:58,24.75,24.920000076293945,25.43000030517578,25.75,26.76000022888184,27.39999961853028,27.040000915527344,26.89756202697754,26.82133674621582,27.07788848876953,26.986072540283203,27.11114501953125,27.071928024291992,27.095590591430664,27.085737228393555,AZZA3,0.2631068845972292,f_5
2026-01-28 13:00:00,136.36000061035156,138.0,144.00999450683594,149.94000244140625,149.39999389648438,154.0500030517578,153.0,153.23419189453125,152.57943725585938,153.1573486328125,152.1895751953125,151.8279266357422,153.402099609375,152.9303436279297,152.98590087890625,B2AP34,0.2628102022058823,f_6
2026-01-28 13:00:00,86.94000244140625,85.91999816894531,87.30000305175781,89.76000213623047,91.44000244140624,89.7300033569336,91.8000030517578,91.817626953125,91.59362030029295,91.36396026611328,91.97022247314452,91.4579086303711,91.43390655517578,91.8410415649414,92.03421783447266,S2RE34,0.2551359204016485,f_8
2026-01-29 18:02:35,2.0799999237060547,2.0799999237060547,2.130000114440918,2.140000104904175,2.0999999046325684,2.0999999046325684,2.109999895095825,2.1109580993652344,2.108787298202514,2.106740474700928,2.107924699783325,2.1132194995880127,2.112011194229126,2.1153581142425537,2.1145098209381104,RPMG3,0.2539440480154703,f_7
2026-01-29 21:07:00,4.900000095367432,4.920000076293945,5.0,4.96999979019165,5.03000020980835,5.110000133514404,5.03000020980835,5.005329132080078,5.025174617767334,5.032734394073486,5.037167549133301,5.037957191467285,5.042742729187012,5.031741619110107,5.014090061187744,SYNE3,0.253330394575622,f_6
2026-01-29 21:10:00,89.30000305175781,88.12000274658203,88.86000061035156,88.80000305175781,88.37999725341797,89.0,91.48999786376952,91.43216705322266,91.3590087890625,91.14622497558594,91.4448013305664,91.22811889648438,91.71813201904295,91.4842758178711,90.7334976196289,EXXO34,0.2493542033011454,f_6
2026-01-28 13:00:00,7.679999828338623,7.679999828338623,7.650000095367432,7.650000095367432,7.650000095367432,7.650000095367432,7.650000095367432,7.649230003356934,7.649625301361084,7.649442672729492,7.646734714508057,7.651243209838867,7.656084537506103,7.661680221557617,7.669018745422363,P2EN34,0.2486098015403772,f_8
2026-01-29 20:49:33,3.940000057220459,3.930000066757202,3.900000095367432,3.890000104904175,3.900000095367432,3.900000095367432,3.849999904632568,3.847525596618652,3.850639820098877,3.8529887199401855,3.843209743499756,3.852272987365722,3.854510307312012,3.8595669269561768,3.857590675354004,EPAR3,0.2484940924828787,f_7
2026-01-29 20:45:33,27.68000030517578,27.39999961853028,27.280000686645508,27.3700008392334,27.3700008392334,27.200000762939453,27.100000381469727,27.109622955322266,27.109073638916016,27.167282104492188,27.05907249450684,27.09709358215332,27.12420463562012,27.055044174194336,27.12920188903809,NGRD3,0.2482720371785176,f_3
2026-01-29 19:51:34,29.239999771118164,29.489999771118164,29.309999465942383,30.14999961853028,30.239999771118164,30.280000686645508,30.729999542236328,30.77151679992676,30.72288703918457,30.740398406982425,30.75635528564453,30.593936920166016,30.610883712768555,30.80598258972168,30.78426742553711,L1YG34,0.2472601647159738,f_7
2026-01-29 21:10:00,217.0,217.5,221.5,219.38999938964844,219.6000061035156,222.1000061035156,219.9600067138672,220.4989471435547,220.4557037353516,219.6536407470703,220.120849609375,220.2928924560547,219.702377319336,219.5552978515625,218.85665893554688,TSMC34,0.2450174637376581,f_1
2026-01-28 13:00:00,407.5400085449219,407.5400085449219,407.5400085449219,407.5400085449219,407.5400085449219,407.5400085449219,407.5400085449219,407.4018249511719,407.3567504882813,407.2071838378906,407.4467468261719,407.5857238769531,408.52923583984375,407.6778564453125,406.87060546875,METB34,0.2427313329196329,f_6
2026-01-29 17:58:10,6.199999809265137,6.199999809265137,6.199999809265137,6.25,6.199999809265137,6.210000038146973,6.210000038146973,6.21190881729126,6.206127643585205,6.210248947143555,6.2112956047058105,6.214592456817627,6.222062110900879,6.225037574768066,6.222263813018799,REDE3,0.2421503466782725,f_7
2026-01-29 19:56:10,489.8500061035156,485.3299865722656,484.7999877929688,492.0299987792969,486.8999938964844,486.0799865722656,481.0299987792969,481.640380859375,481.1159057617188,480.9372863769531,481.0670166015625,481.2148742675781,482.1919250488281,481.3527526855469,482.0718994140625,B1SX34,0.2415496481466549,f_6
2026-01-29 20:46:39,68.29000091552734,68.23999786376953,67.81999969482422,67.9000015258789,67.05999755859375,67.7300033569336,67.04000091552734,67.13711547851562,67.1373519897461,66.96765899658203,66.93785858154297,67.04106140136719,67.10472869873047,67.19993591308594,67.1670150756836,SCHW34,0.2385665205466169,f_7
2026-01-29 21:07:54,14.489999771118164,14.949999809265137,14.850000381469728,14.75,15.229999542236328,15.550000190734863,15.300000190734863,15.327588081359863,15.29510498046875,15.33645248413086,15.334242820739746,15.307723999023438,15.14831256866455,15.288084983825684,15.264216423034668,LREN3,0.2382502806638545,f_3
2026-01-29 21:05:00,4.5,4.699999809265137,4.699999809265137,4.559999942779541,4.619999885559082,4.650000095367432,4.579999923706055,4.574225425720215,4.560226917266846,4.549340724945068,4.571292400360107,4.557758331298828,4.560680866241455,4.572295188903809,4.590819835662842,VITT3,0.2362426230791686,f_8
2026-01-29 21:12:00,7.71999979019165,8.0,8.050000190734863,8.229999542236328,8.680000305175781,8.949999809265137,8.670000076293945,8.687963485717773,8.671724319458008,8.67484188079834,8.68918514251709,8.666090965270996,8.679421424865723,8.690457344055176,8.606831550598145,ASAI3,0.2359546433819072,f_7
2026-01-29 14:10:16,153.4499969482422,155.0,156.3000030517578,153.9199981689453,153.9199981689453,155.0500030517578,155.52000427246094,155.45083618164062,155.32569885253906,155.82911682128906,155.75013732910156,155.8800811767578,155.4954833984375,155.5809326171875,155.6411895751953,KMIC34,0.23153092490021,f_5
2026-01-29 21:06:00,18.350000381469727,18.280000686645508,18.790000915527344,19.31999969482422,20.290000915527344,20.049999237060547,19.75,19.77498245239257,19.75539207458496,19.64638328552246,19.57396507263184,19.501266479492188,19.643552780151367,19.61908531188965,19.795259475708008,BRBI11,0.2291619023190269,f_8
2026-01-28 13:00:00,128.5,128.5,130.0,130.0,130.0,130.0,130.0,129.7777099609375,130.00477600097656,130.1486053466797,130.29421997070312,129.73532104492188,129.62216186523438,129.68307495117188,129.85186767578125,CGAS3,0.2263230543870192,f_4
2026-01-29 21:07:59,17.739999771118164,17.719999313354492,18.010000228881836,18.010000228881836,18.270000457763672,18.82999992370605,18.989999771118164,18.99786949157715,19.032270431518555,18.996068954467773,18.893802642822266,18.9746208190918,18.94442176818848,18.98066711425781,18.954553604125977,BRAV3,0.2225943175875122,f_2
2026-01-28 13:00:00,173.0,173.0,172.72000122070312,172.72000122070312,174.9199981689453,177.1199951171875,175.1199951171875,175.33335876464844,175.50765991210938,175.13914489746094,175.3242950439453,174.69337463378906,174.84568786621094,175.10348510742188,175.4792022705078,A1RG34,0.2213709489098922,f_2
2026-01-29 17:26:34,246.3099975585937,244.75,243.6699981689453,245.759994506836,239.1000061035156,239.9900054931641,242.9199981689453,243.12657165527344,243.3902740478516,243.0754547119141,243.44973754882807,243.1722106933593,243.2210388183593,242.7604522705078,242.1986541748047,SIMN34,0.2180715395503958,f_4
2026-01-29 19:09:42,125.5,122.94000244140624,122.41000366210938,124.9499969482422,124.9499969482422,125.9000015258789,125.66999816894533,125.72681427001952,125.94280242919922,125.81906127929688,125.76847076416016,125.76195526123048,125.7744369506836,125.77587890625,125.20814514160156,K1BF34,0.217079863315634,f_2
2026-01-29 19:56:11,702.9199829101562,707.030029296875,713.5399780273438,701.1099853515625,708.7999877929688,718.1599731445312,718.5599975585938,718.248779296875,718.7210693359375,718.4465942382812,718.9443969726562,718.91259765625,720.1185302734375,717.4370727539062,717.6126708984375,NOCG34,0.216896671139373,f_6
2026-01-29 21:10:00,14.5,14.5,14.199999809265137,14.399999618530272,14.399999618530272,14.0,14.5,14.441906929016112,14.379097938537598,14.531003952026367,14.51008415222168,14.491759300231934,14.517375946044922,14.514152526855469,14.505277633666992,EALT3,0.2138203588025323,f_3
2026-01-29 20:41:29,29.600000381469727,29.600000381469727,29.51000022888184,29.89999961853028,30.170000076293945,30.3799991607666,30.32999992370605,30.39431571960449,30.33027648925781,30.29376792907715,30.337512969970703,30.37310791015625,30.299524307250977,30.307796478271484,30.280029296875,CEBR3,0.2120533994731995,f_1
2026-01-28 13:00:00,204.5,204.5,204.5,204.5,211.9900054931641,211.9900054931641,211.9900054931641,211.97900390625,211.72804260253903,211.3635711669922,210.9852294921875,211.8470153808593,212.12030029296875,212.4356689453125,212.02359008789065,TKNO4,0.210228520496363,f_7
2026-01-29 20:48:24,164.0,164.38999938964844,161.0,159.67999267578125,156.3000030517578,153.6999969482422,156.6999969482422,156.37977600097656,155.79891967773438,156.89418029785156,156.57911682128906,156.61788940429688,156.9112548828125,157.02407836914062,155.98480224609375,HOND34,0.2068164819463788,f_7
2026-01-29 21:06:00,34.099998474121094,34.4900016784668,34.5,34.66999816894531,34.599998474121094,34.7400016784668,34.38999938964844,34.446983337402344,34.413326263427734,34.43958282470703,34.46016311645508,34.3243408203125,34.33472442626953,34.35179901123047,34.29129409790039,LEVE3,0.2040236349284736,f_4
2026-01-28 13:00:00,485.75,485.75,485.75,485.75,485.75,485.75,485.75,485.61181640625,485.5667419433594,485.4171752929688,485.65673828125,485.7957153320313,486.7392272949219,485.8878479003906,485.0805969238281,A1VY34,0.2036494688465002,f_6
2026-01-29 21:07:00,3.640000104904175,3.7799999713897705,3.900000095367432,3.940000057220459,4.0,3.9700000286102295,3.940000057220459,3.945102214813232,3.9043447971344,3.898175239562988,3.943405866622925,3.940973281860352,3.948007345199585,3.876796960830689,3.8528261184692383,MELK3,0.2032306564171691,f_6
2026-01-29 21:07:52,34.56999969482422,35.150001525878906,35.7400016784668,35.52000045776367,36.650001525878906,37.5,36.95000076293945,36.97538757324219,36.865013122558594,36.825870513916016,36.87852478027344,36.99124526977539,37.024532318115234,36.92564010620117,36.75493240356445,SANB11,0.2017092114664739,f_6
2026-01-29 21:07:41,15.479999542236328,15.5600004196167,15.899999618530272,16.020000457763672,16.200000762939453,15.979999542236328,15.81999969482422,15.81471347808838,15.738816261291504,15.823471069335938,15.72607135772705,15.789925575256348,15.748018264770508,15.851749420166016,15.776280403137209,SLCE3,0.2006935901028136,f_7
2026-01-29 19:41:32,53.20000076293945,52.59999847412109,52.310001373291016,53.43999862670898,52.790000915527344,53.7599983215332,53.470001220703125,53.57726287841797,53.43293762207031,53.343048095703125,53.05148696899414,53.301795959472656,53.35717391967773,53.40141296386719,53.255157470703125,EQIX34,0.2006015621209916,f_1
2026-01-29 17:08:44,116.0,117.0,117.0,117.0,117.5,120.0,121.0,120.96385955810548,121.12709045410156,120.7317886352539,121.05220794677734,121.24224853515624,120.7663803100586,120.47198486328124,120.86515045166016,BNBR3,0.2002054009555785,f_5
2026-01-28 13:00:00,218.02999877929688,218.02999877929688,216.1999969482422,216.1999969482422,216.1999969482422,216.0,216.0,216.21131896972656,216.3247985839844,216.43130493164065,216.40139770507807,216.3700408935547,215.7630310058593,215.938232421875,216.0284423828125,R1OP34,0.1996782090928819,f_3
2026-01-28 13:00:00,921.1199951171876,921.1199951171876,921.1199951171876,921.1199951171876,911.6799926757812,911.6799926757812,911.6799926757812,911.2688598632812,911.6224365234376,913.0064086914062,911.9537963867188,911.6197509765624,911.7193603515624,912.8338012695312,913.4895629882812,M1PC34,0.1984874437343864,f_8
2026-01-29 20:18:57,43.560001373291016,42.9900016784668,42.9900016784668,43.2599983215332,42.13999938964844,42.27999877929688,42.68999862670898,42.59468460083008,42.570762634277344,42.59395980834961,42.77415084838867,42.77252197265625,42.73892211914063,42.74751281738281,42.690879821777344,A1TT34,0.1971239737333645,f_4
2026-01-28 13:00:00,593.5,597.2000122070312,604.6500244140625,604.27001953125,604.27001953125,599.6400146484375,602.72998046875,603.8345947265625,603.8931884765625,603.16162109375,602.0669555664062,599.3706665039062,598.2050170898438,597.7905883789062,598.906494140625,W1MC34,0.1929899035232758,f_2
2026-01-28 13:00:00,333.0,334.2900085449219,340.6199951171875,343.7699890136719,337.6199951171875,342.7200012207031,342.7200012207031,342.5423889160156,343.0157470703125,343.034423828125,343.20562744140625,343.37939453125,341.61865234375,340.59014892578125,339.4828796386719,W1MB34,0.1924000082277784,f_5
2026-01-29 19:08:37,1020.0,1030.0,1026.0,1024.0,1034.0,1017.0,1020.0,1018.6588134765624,1020.5361938476562,1019.3391723632812,1021.9511108398438,1020.8683471679688,1018.0911865234376,1018.8779296875,1020.910400390625,FAMB11,0.1912853764552696,f_4
2026-01-29 21:06:00,20.290000915527344,20.450000762939453,21.09000015258789,20.51000022888184,21.31999969482422,21.65999984741211,21.39999961853028,21.295690536499023,21.420330047607425,21.380691528320312,21.37401962280273,21.440731048583984,21.425687789916992,21.366134643554688,21.284399032592773,BRAP3,0.1903337886905454,f_5
2026-01-28 13:00:00,338.29998779296875,338.29998779296875,338.29998779296875,343.3500061035156,347.9700012207031,347.9700012207031,347.9700012207031,348.3288879394531,346.2711181640625,347.0194702148437,346.986328125,348.1979675292969,348.6307983398437,348.21142578125,347.9242858886719,A1PD34,0.189900599713338,f_6
2026-01-29 21:00:00,3.200000047683716,3.369999885559082,3.549999952316284,3.5299999713897705,3.609999895095825,3.630000114440918,3.569999933242798,3.5193300247192383,3.5767476558685303,3.5491764545440674,3.569941997528076,3.544974565505981,3.548401117324829,3.5494775772094727,3.5531322956085205,PTBL3,0.1890118417902364,f_2
2026-01-28 13:00:00,423.7200012207031,427.1799926757813,426.55999755859375,421.3999938964844,416.6400146484375,409.239990234375,407.5400085449219,408.1534118652344,408.2579040527344,408.3005981445313,406.7189331054688,406.1698913574219,406.13330078125,408.0860900878906,408.2999877929688,M1TT34,0.1866294311385473,f_3
2026-01-29 20:48:29,6.210000038146973,6.25,6.28000020980835,6.289999961853027,6.25,6.46999979019165,6.429999828338623,6.41477108001709,6.398805618286133,6.43330192565918,6.41627836227417,6.408519268035889,6.4418768882751465,6.435690879821777,6.435546398162842,EQPA3,0.1847132232286889,f_6
2026-01-29 17:55:47,1169.280029296875,1179.0,1170.7900390625,1168.8299560546875,1168.8299560546875,1168.8299560546875,1174.0699462890625,1174.6175537109375,1175.8271484375,1174.9532470703125,1176.22509765625,1174.5230712890625,1173.917724609375,1174.408447265625,1174.615234375,HONB34,0.1835624337373925,f_4
2026-01-29 14:30:01,406.3800048828125,406.3800048828125,406.3800048828125,406.3800048828125,406.3800048828125,406.3800048828125,427.0,427.1930236816406,427.3398132324219,426.72900390625,426.4897155761719,424.56781005859375,425.4415588378906,425.7262268066406,427.780517578125,F1AN34,0.1827910019028103,f_8
2026-01-29 21:05:00,8.270000457763672,8.180000305175781,8.180000305175781,8.149999618530273,8.149999618530273,8.130000114440918,8.140000343322754,8.139657974243164,8.131753921508789,8.137628555297852,8.150979042053223,8.154778480529785,8.144021034240723,8.138084411621094,8.141743659973145,BEES3,0.1815495894807149,f_5
2026-01-28 13:00:00,546.0,546.0,546.0,546.0,546.0,546.0,546.0,545.86181640625,545.8167114257812,545.6671752929688,545.90673828125,546.0457153320312,546.9892578125,546.1378784179688,545.33056640625,R1OK34,0.1811827495421245,f_6
2026-01-29 14:30:08,86.94000244140625,86.94000244140625,86.94000244140625,86.94000244140625,88.0,88.0,87.9000015258789,88.05854797363281,87.89286041259766,87.9400634765625,87.9918441772461,87.8803482055664,87.65790557861328,87.7004165649414,87.4544906616211,TAKP34,0.1803713822544452,f_1
2026-01-28 13:00:00,19.6200008392334,19.6200008392334,19.6200008392334,19.51000022888184,19.51000022888184,20.5,20.5,20.461706161499023,20.44942092895508,20.50122833251953,20.493728637695312,20.53671836853028,20.449010848999023,20.368820190429688,20.35914802551269,WLMM3,0.1791139928306021,f_5
2026-01-29 21:07:32,13.079999923706056,13.220000267028809,13.579999923706056,13.800000190734863,14.760000228881836,14.68000030517578,14.31999969482422,14.33534049987793,14.34549331665039,14.214792251586914,14.257329940795898,14.066766738891602,14.23068904876709,14.157536506652832,14.321942329406738,YDUQ3,0.1780280891722799,f_2
2026-01-29 21:05:00,34.86000061035156,34.720001220703125,34.720001220703125,34.81999969482422,33.88999938964844,34.06999969482422,34.52000045776367,34.49604797363281,34.581443786621094,34.395809173583984,34.48774719238281,34.50120544433594,34.57888412475586,34.46475601196289,34.38359451293945,VERZ34,0.1779934184317284,f_2
2026-01-29 18:52:43,12.130000114440918,12.130000114440918,12.31999969482422,12.09000015258789,11.93000030517578,11.75,11.859999656677246,11.878469467163086,11.881105422973633,11.854880332946776,11.855895042419434,11.859087944030762,11.847938537597656,11.857185363769531,11.85517120361328,A1TH34,0.1779575624566233,f_2
2026-01-28 13:00:00,226.32000732421875,226.32000732421875,226.32000732421875,233.6600036621093,233.6600036621093,233.6600036621093,233.6600036621093,233.324462890625,232.625717163086,233.5223693847656,233.1307373046875,233.86300659179688,234.0718688964844,232.7547912597656,231.1619567871093,DDNB34,0.1762668954548975,f_6
2026-01-29 21:07:00,11.109999656677246,11.300000190734863,11.350000381469728,11.31999969482422,11.25,11.369999885559082,11.390000343322754,11.387141227722168,11.357017517089844,11.331429481506348,11.383657455444336,11.405532836914062,11.409876823425291,11.372947692871094,11.349239349365234,ODPV3,0.1745081606972154,f_6
2026-01-29 21:07:00,8.430000305175781,8.520000457763672,8.449999809265137,8.579999923706055,8.600000381469727,8.579999923706055,8.5,8.514800071716309,8.49826717376709,8.504973411560059,8.488580703735352,8.483802795410156,8.462944984436035,8.462508201599121,8.47642993927002,ALLD3,0.1741184907801011,f_1
2026-01-28 13:00:00,149.41000366210938,149.41000366210938,149.41000366210938,148.89999389648438,148.89999389648438,148.89999389648438,147.3300018310547,147.44581604003906,147.58172607421875,147.5838623046875,147.40579223632812,147.358154296875,147.0934600830078,147.16448974609375,147.28944396972656,B1MR34,0.1723073851067467,f_3
2026-01-29 21:05:00,77.2699966430664,78.79000091552734,79.80000305175781,80.44000244140625,80.69999694824219,80.8499984741211,79.5999984741211,79.4639892578125,79.53217315673828,79.73619842529297,79.51424407958984,79.2209701538086,79.3304443359375,79.21768951416016,79.36737823486328,MFII11,0.1711054695763031,f_3
2026-01-28 13:00:00,22.270000457763672,22.270000457763672,22.270000457763672,22.950000762939453,22.950000762939453,22.950000762939453,22.950000762939453,22.91891860961914,22.85418510437012,22.937253952026367,22.90097045898437,22.96881103515625,22.988161087036133,22.86614227294922,22.71857643127441,N1WL34,0.1662759164622881,f_6
2026-01-29 21:06:00,5.900000095367432,6.070000171661377,6.199999809265137,6.25,6.199999809265137,6.150000095367432,6.110000133514404,6.097161293029785,6.095796585083008,6.0846686363220215,6.054633617401123,6.07954216003418,6.084003448486328,6.119962215423584,6.081830978393555,BIOM3,0.163045526865637,f_7
2026-01-28 13:00:00,53.5,53.5,53.5,53.5,55.0,55.0,55.0,54.99779891967773,54.947540283203125,54.87454605102539,54.79877471923828,54.97136306762695,55.02609252929688,55.08925247192383,55.00672912597656,CEGR3,0.1622772216796875,f_7
2026-01-29 19:55:02,40.2599983215332,39.38999938964844,39.0,38.630001068115234,37.900001525878906,38.88999938964844,38.83000183105469,38.836368560791016,38.656288146972656,38.67506408691406,38.85579681396485,38.891597747802734,38.62175750732422,38.72772216796875,38.81456756591797,R2BL34,0.1586297034340722,f_5
2026-01-29 21:10:00,114.97000122070312,116.05999755859376,114.73999786376952,115.72000122070312,114.8499984741211,113.0,116.87000274658205,116.83940887451172,117.0539779663086,117.04278564453124,116.51773834228516,116.38359832763672,116.55908203125,116.9749755859375,116.68147277832033,WFCO34,0.1574186834969874,f_2
2026-01-29 20:28:17,7.110000133514404,7.110000133514404,7.150000095367432,7.099999904632568,7.099999904632568,7.099999904632568,7.050000190734863,7.037500858306885,7.061095714569092,7.058193683624268,7.0604248046875,7.050886154174805,7.049886703491211,7.058507919311523,7.049142837524414,BDLL3,0.1573833125396265,f_2
2026-01-28 13:00:00,629.0,629.0,629.0,629.0,629.0,629.0,629.0,628.86181640625,628.8167114257812,628.6671752929688,628.90673828125,629.0457153320312,629.9892578125,629.1378784179688,628.33056640625,BBFI11,0.1572746919713831,f_6
2026-01-29 20:40:24,61.47999954223633,61.7400016784668,62.400001525878906,62.5,62.630001068115234,62.75,62.63999938964844,62.71303176879883,62.67479705810547,62.59345245361328,62.594032287597656,62.73800659179688,62.62934875488281,62.45254898071289,62.20317459106445,B1TI34,0.1564610522084929,f_5
2026-01-29 17:25:27,50.95000076293945,51.43999862670898,51.720001220703125,52.75,52.68000030517578,52.68000030517578,52.70000076293945,52.67890548706055,52.6362533569336,52.70047378540039,52.54800415039063,52.73193359375,52.782039642333984,52.64688491821289,52.56637954711914,G1SK34,0.1556714956486755,f_6
2026-01-29 15:01:45,109.5500030517578,109.5500030517578,109.5500030517578,109.5500030517578,112.48999786376952,112.48999786376952,112.5,112.49385833740234,112.39507293701172,112.2516098022461,112.10269165039062,112.44190216064452,112.54946899414062,112.6736068725586,112.51140594482422,H1PE34,0.1543172200520833,f_7
2026-01-28 13:00:00,139.16000366210938,139.16000366210938,139.16000366210938,143.0800018310547,143.0800018310547,143.0800018310547,143.0800018310547,142.90078735351562,142.52761840820312,143.00648498535156,142.79733276367188,143.1884002685547,143.29995727539062,142.5965576171875,141.74588012695312,N1WS34,0.1537289918374864,f_6
2026-01-29 21:10:00,81.05999755859375,80.94999694824219,81.61000061035156,82.5999984741211,81.37999725341797,81.5,82.66999816894531,82.74034118652344,82.63076782226562,82.78925323486328,82.79649353027344,82.66577911376953,82.55397033691406,82.4254379272461,82.74031066894531,MCDC34,0.1530124157854917,f_4
2026-01-29 16:35:29,250.0,250.0,250.0,250.0,247.509994506836,247.509994506836,246.009994506836,246.32443237304688,245.86427307128903,246.2579345703125,246.29638671875,246.3836669921875,245.8219451904297,246.34231567382807,246.12887573242188,EBAY34,0.1518932131601585,f_5
2026-01-29 19:33:31,24.0,24.0,24.0,24.0,24.0,24.0,25.0,25.00935935974121,25.0164794921875,24.98685646057129,24.97525215148925,24.88204765319824,24.924421310424805,24.9382266998291,25.0378532409668,AHEB3,0.1514129638671875,f_8
2026-01-29 20:32:53,2034.969970703125,1980.3199462890625,1987.75,2039.989990234375,2094.4599609375,2123.219970703125,2173.8701171875,2165.6767578125,2163.2802734375,2170.80322265625,2158.8232421875,2174.066650390625,2160.430419921875,2176.9853515625,2165.511962890625,K1LA34,0.1433036109365362,f_7
2026-01-28 13:00:00,45.38999938964844,45.2400016784668,45.2400016784668,45.2400016784668,45.2400016784668,45.2400016784668,45.2400016784668,45.25173568725586,45.23926162719727,45.22533416748047,45.23104095458984,45.24546051025391,45.24760818481445,45.30424499511719,45.29367065429688,TRVC34,0.1420055576190859,f_7
2026-01-28 13:00:00,486.4500122070313,486.4500122070313,486.4500122070313,486.4500122070313,482.989990234375,482.989990234375,482.989990234375,482.8394165039063,482.968994140625,483.4762573242188,483.0904541015625,482.968017578125,483.0045166015625,483.4129943847656,483.65338134765625,M1MC34,0.1373509030610207,f_8
2026-01-29 21:05:00,63.9900016784668,63.16999816894531,64.48999786376953,64.05000305175781,63.459999084472656,63.09000015258789,64.0,64.04495239257812,63.84339904785156,63.939884185791016,64.03756713867188,63.92027282714844,63.76543045043945,63.82328414916992,64.08737182617188,COCA34,0.1365184783935547,f_8
2026-01-29 20:54:56,8.119999885559082,8.15999984741211,8.279999732971191,8.300000190734863,8.25,8.210000038146973,8.239999771118164,8.229886054992676,8.245415687561035,8.251103401184082,8.247509002685547,8.214225769042969,8.196380615234375,8.165379524230957,8.20574951171875,PORD11,0.1347527958051291,f_3
2026-01-28 13:00:00,45.650001525878906,46.34999847412109,46.34999847412109,46.2599983215332,45.79999923706055,45.79999923706055,45.79999923706055,45.79816436767578,45.699974060058594,45.74225997924805,45.77703857421875,45.72315216064453,45.79769134521485,45.86064910888672,45.84078598022461,O1DF34,0.1324233031364225,f_7
2026-01-29 21:00:00,58.34000015258789,58.29999923706055,61.45000076293945,60.59999847412109,59.5099983215332,61.40999984741211,60.20000076293945,59.84087371826172,60.26446914672852,60.27775573730469,60.09260177612305,59.918678283691406,59.76985931396485,59.85862731933594,59.92110824584961,UNIP3,0.1291610853485274,f_3
2026-01-28 13:00:00,79.94999694824219,79.94999694824219,81.80000305175781,80.9000015258789,80.9000015258789,80.87999725341797,80.87999725341797,80.9837875366211,80.85395050048828,80.80565643310547,80.73493194580078,80.75518035888672,80.8016586303711,80.97901153564453,80.97683715820312,W1SO34,0.1283262694457359,f_1
2026-01-29 20:05:50,159.10000610351562,159.0,159.0,162.1999969482422,161.22999572753906,161.22999572753906,161.0,160.5903778076172,160.90264892578125,160.967041015625,161.20323181152344,161.1796875,160.2993927001953,160.0954132080078,159.6513214111328,FAED11,0.1262309388344332,f_4
2026-01-28 13:00:00,17.010000228881836,17.010000228881836,17.1200008392334,17.1200008392334,17.1200008392334,17.1200008392334,17.1200008392334,17.10369873046875,17.120349884033203,17.130897521972656,17.141576766967773,17.100589752197266,17.0922908782959,17.096759796142578,17.1091365814209,CRPG3,0.1260276090929276,f_4
2026-01-28 13:00:00,74.06999969482422,75.5,76.19999694824219,75.5999984741211,75.5199966430664,75.5199966430664,75.5199966430664,75.33734893798828,75.51056671142578,75.59068298339844,75.61228942871094,75.36966705322266,75.38124084472656,75.1086196899414,74.69512176513672,C1RR34,0.1222097321862166,f_4
2026-01-29 21:05:00,86.0199966430664,86.5,86.3499984741211,86.30999755859375,85.44999694824219,84.62000274658203,86.01000213623047,85.92572784423828,85.89495086669922,85.89141845703125,85.90925598144531,85.89978790283203,86.11492919921875,85.65934753417969,85.48014831542969,VISA34,0.1219940243950793,f_6
2026-01-28 13:00:00,45.900001525878906,45.900001525878906,45.900001525878906,45.900001525878906,46.86000061035156,46.86000061035156,46.86000061035156,46.858585357666016,46.826416015625,46.77970123291016,46.73120880126953,46.84166717529297,46.87669372558594,46.9171142578125,46.86429977416992,C1HR34,0.1218814483931544,f_7
2026-01-29 18:04:47,36.09000015258789,36.59999847412109,37.43999862670898,37.36000061035156,37.77000045776367,37.959999084472656,38.20000076293945,38.00175857543945,38.16156005859375,38.22556686401367,38.187007904052734,38.18596267700195,38.21151351928711,38.10387420654297,38.24614334106445,V1OD34,0.1207920869199725,f_8
2026-01-29 17:26:34,344.19000244140625,346.9200134277344,354.0599975585937,356.6199951171875,352.79998779296875,347.1000061035156,349.44000244140625,348.7966613769531,347.7358093261719,349.86053466796875,349.7168273925781,349.5876770019531,348.7476806640625,348.3472900390625,347.2764587402344,ULEV34,0.1203446152771288,f_3
2026-01-28 13:00:00,234.3099975585937,237.1300048828125,237.1300048828125,237.1300048828125,237.1300048828125,237.1300048828125,237.1300048828125,237.4105224609375,237.1513214111328,237.1856842041016,237.1118927001953,236.96148681640625,236.5484161376953,236.063705444336,236.0379638671875,E1XC34,0.118296956247114,f_1
2026-01-29 21:05:00,7.300000190734863,7.389999866485596,7.5,7.599999904632568,7.639999866485596,7.900000095367432,7.920000076293945,7.926435470581055,7.929170608520508,7.926263809204102,7.8955230712890625,7.882826805114746,7.90706729888916,7.880847930908203,7.884462356567383,TECN3,0.1157895471997738,f_2
2026-01-29 20:23:23,25.01000022888184,24.780000686645508,25.63999938964844,25.89999961853028,25.88999938964844,25.520000457763672,25.459999084472656,25.30863571166992,25.26654815673828,25.246028900146484,25.37876892089844,25.43899917602539,25.4880313873291,25.31027603149414,25.44814682006836,RIGG34,0.1101033144716074,f_6
2026-01-28 13:00:00,58.040000915527344,58.040000915527344,58.040000915527344,59.20000076293945,59.20000076293945,59.20000076293945,59.20000076293945,59.1469841003418,59.03655624389648,59.178260803222656,59.11636734008789,59.23209381103516,59.26510238647461,59.05695343017578,58.80522537231445,T1LK34,0.1099689572570265,f_6
2026-01-29 20:54:30,7.949999809265137,7.920000076293945,7.909999847412109,8.0,7.949999809265137,7.949999809265137,7.920000076293945,7.924413681030273,7.922001361846924,7.927456855773926,7.928195476531982,7.923219203948975,7.914372444152832,7.915980815887451,7.9136857986450195,XPCM11,0.1034772747359875,f_4
2026-01-28 13:00:00,973.5,973.5,973.5,973.5,973.5,973.5,973.5,973.36181640625,973.3167114257812,973.1671752929688,973.40673828125,973.5457153320312,974.4892578125,973.6378784179688,972.83056640625,R1LC34,0.1016186761684642,f_6
2026-01-29 21:06:00,3.990000009536743,4.039999961853027,4.150000095367432,4.110000133514404,4.079999923706055,4.110000133514404,4.090000152587891,4.094105243682861,4.075973033905029,4.073660850524902,4.082347393035889,4.0879740715026855,4.065831661224365,4.07109260559082,4.077203750610352,ETER3,0.1003689716826358,f_1
2026-01-28 13:00:00,1019.0,1019.0,1019.0,1019.0,1019.0,1019.0,1019.0,1018.86181640625,1018.8167114257812,1018.6671752929688,1018.90673828125,1019.0457153320312,1019.9892578125,1019.1378784179688,1018.33056640625,AWII34,0.0970812377330716,f_6
2026-01-28 13:00:00,114.16999816894533,114.16999816894533,114.16999816894533,113.81999969482422,113.81999969482422,113.0,113.0,113.08223724365234,113.06129455566406,113.06452941894533,113.03923797607422,113.04696655273438,112.97049713134766,113.10914611816406,113.06588745117188,C1CI34,0.0965894851009402,f_7
2026-01-28 13:00:00,285.0,285.0,285.0,285.0,285.0,283.6400146484375,283.6400146484375,283.5917663574219,283.5703125,283.56475830078125,283.60955810546875,283.6341247558594,283.837646484375,283.9005126953125,283.8255615234375,E1OG34,0.0918410779233243,f_7
2026-01-29 21:06:00,34.29999923706055,34.29999923706055,34.70000076293945,34.689998626708984,34.70000076293945,35.0,34.369998931884766,34.38338851928711,34.40074157714844,34.319332122802734,34.28291702270508,34.35586166381836,34.34647750854492,34.303123474121094,34.28449249267578,ISAE3,0.0894461629882454,f_2
2026-01-29 19:56:10,385.6799926757813,382.6600036621094,380.8800048828125,386.8399963378906,386.8399963378906,384.3299865722656,385.25,384.51019287109375,384.5676574707031,384.8371887207031,385.4907531738281,385.5859680175781,385.4690551757813,384.5422668457031,385.0271301269531,AIGB34,0.0872077917139844,f_5
2026-01-29 21:05:00,49.18000030517578,49.04999923706055,48.97999954223633,49.06999969482422,49.43999862670898,49.68000030517578,49.34000015258789,49.38241958618164,49.366172790527344,49.306678771972656,49.3191032409668,49.33945846557617,49.375953674316406,49.25874328613281,49.321998596191406,BRCR11,0.0859737200295186,f_1
2026-01-29 20:54:47,68.11000061035156,67.80000305175781,67.80000305175781,66.51000213623047,68.94000244140625,69.41000366210938,69.16999816894531,69.10891723632812,69.16314697265625,69.2272720336914,69.18095397949219,68.76313781738281,69.1963882446289,68.9157485961914,68.53008270263672,TRBL11,0.0828015993382048,f_3
2026-01-28 13:00:00,3.700000047683716,3.900000095367432,3.940000057220459,3.940000057220459,4.010000228881836,3.859999895095825,3.75,3.750929355621338,3.7202823162078857,3.716994285583496,3.741408109664917,3.75309157371521,3.748534679412842,3.706450700759888,3.751849889755249,B2MB34,0.0824419657389323,f_5
2026-01-29 19:56:06,4.340000152587891,4.349999904632568,4.349999904632568,4.349999904632568,4.400000095367432,4.5,4.46999979019165,4.4660258293151855,4.4593706130981445,4.4584832191467285,4.4736151695251465,4.46277379989624,4.471467018127441,4.472503185272217,4.463977813720703,WHRL3,0.0808809732257523,f_4
2026-01-29 20:50:42,52.06999969482422,52.130001068115234,52.27999877929688,52.2400016784668,52.15999984741211,52.0,52.720001220703125,52.739166259765625,52.631446838378906,52.68333053588867,52.58806991577149,52.6005973815918,52.65285873413086,52.688262939453125,52.76189422607422,RNGO11,0.0794632101689754,f_8
2026-01-28 13:00:00,368.6900024414063,368.6900024414063,368.6900024414063,373.6499938964844,373.6499938964844,373.6499938964844,373.6499938964844,373.4232177734375,372.9510192871094,373.5569458007813,373.2922973632813,373.7871398925781,373.9282836914063,373.0382385253906,371.9618835449219,CHME34,0.0744787366433015,f_6
2026-01-28 13:00:00,246.25,246.25,246.25,246.25,246.25,247.6499938964844,247.6499938964844,247.8336639404297,247.79000854492188,247.63406372070312,247.7010192871093,247.59735107421875,247.4581451416016,247.3526763916016,247.458740234375,F1EC34,0.0741651720056512,f_1
2026-01-29 20:41:42,324.44000244140625,324.44000244140625,324.44000244140625,324.44000244140625,324.44000244140625,324.44000244140625,330.6000061035156,330.65771484375,330.7015686035156,330.5190734863281,330.4476013183594,329.8734436035156,330.1344909667969,330.2195129394531,330.8332214355469,C1FG34,0.0705430513386702,f_8
2026-01-29 21:07:59,32.16999816894531,32.22999954223633,32.279998779296875,32.290000915527344,32.31999969482422,32.36000061035156,32.43000030517578,32.419734954833984,32.447608947753906,32.434425354003906,32.405487060546875,32.403560638427734,32.4143180847168,32.40788269042969,32.44004821777344,NEOE3,0.0542973864089501,f_2
2026-01-29 20:50:01,92.0,93.4000015258789,93.4000015258789,93.4000015258789,93.4000015258789,93.5500030517578,92.5,92.51178741455078,92.53044128417967,92.5490951538086,92.46832275390624,92.42398071289062,92.41259002685548,92.21257781982422,92.1895980834961,C1AG34,0.0530758419552364,f_3
2026-01-28 13:00:00,3.920000076293945,3.920000076293945,3.920000076293945,3.950000047683716,4.849999904632568,4.300000190734863,4.800000190734863,4.795904636383057,4.717026710510254,4.790022850036621,4.724278450012207,4.802329063415527,4.703463077545166,4.7495646476745605,4.681408882141113,NORD3,0.0485181789192287,f_5
2026-01-28 13:00:00,36.68999862670898,36.68999862670898,36.68999862670898,37.0,37.0,37.0,37.0,36.9858283996582,36.95631790161133,36.99419021606445,36.9776496887207,37.008575439453125,37.01739501953125,36.96176910400391,36.89449691772461,CEEB5,0.0470135663006756,f_6
2026-01-29 18:37:02,61.68000030517578,61.68000030517578,61.16999816894531,61.380001068115234,60.95000076293945,60.7400016784668,61.630001068115234,61.57997131347656,61.50295639038086,61.58910751342773,61.52083206176758,61.5009765625,61.46031188964844,61.65800094604492,61.63588333129883,ABUD34,0.0454322204193072,f_7
2026-01-28 13:00:00,158.08999633789062,158.08999633789062,158.08999633789062,159.36000061035156,159.36000061035156,159.36000061035156,159.36000061035156,159.3019561767578,159.18104553222656,159.33619689941406,159.2684326171875,159.39512634277344,159.4312744140625,159.20338439941406,158.9277801513672,I1LM34,0.0447250272577545,f_6
2026-01-29 21:05:00,19.979999542236328,19.96999931335449,20.049999237060547,19.96999931335449,20.020000457763672,20.030000686645508,20.049999237060547,20.05881118774414,20.049591064453125,20.04448890686035,20.046464920043945,20.051063537597656,20.04543876647949,20.056047439575195,20.05421638488769,HGBS11,0.0439498803935397,f_1
2026-01-29 18:11:06,48.2400016784668,49.34999847412109,48.959999084472656,49.34000015258789,49.34000015258789,48.0,48.709999084472656,48.56294250488281,48.6215705871582,48.642234802246094,48.62815475463867,48.61210250854492,48.69040298461914,48.72921752929688,48.71370315551758,A1ME34,0.03945482485206,f_7
2026-01-29 21:05:00,102.4000015258789,102.5,102.6999969482422,102.75,102.69000244140624,102.52999877929688,102.8000030517578,102.83953094482422,102.80465698242188,102.79135131835938,102.7844467163086,102.77664184570312,102.7611312866211,102.76660919189452,102.78028869628906,BTLG11,0.0384512567052208,f_1
2026-01-29 21:05:00,69.4800033569336,69.04000091552734,68.26000213623047,68.47000122070312,67.4800033569336,66.94000244140625,68.55999755859375,68.26948547363281,68.333740234375,68.43812561035156,68.26721954345703,68.40018463134766,68.46409606933594,68.43054962158203,68.58483123779297,BOAC34,0.0362218204252341,f_8
2026-01-28 13:00:00,94.69000244140624,94.69000244140624,94.69000244140624,94.69000244140624,94.69000244140624,94.9499969482422,94.9499969482422,94.98410034179688,94.97599029541016,94.94702911376952,94.95946502685548,94.94021606445312,94.91436004638672,94.894775390625,94.91446685791016,C1TV34,0.0359172139555491,f_1
2026-01-29 13:08:55,286.42999267578125,286.42999267578125,290.20001220703125,289.70001220703125,289.70001220703125,289.70001220703125,289.70001220703125,289.6925964355469,289.7980651855469,289.7711486816406,289.5932312011719,289.0419006347656,288.4339599609375,288.5118408203125,287.22906494140625,T1EC34,0.0338463839779034,f_2
2026-01-29 20:54:30,91.36000061035156,91.4000015258789,90.19000244140624,90.01000213623047,86.70999908447266,90.0,88.70999908447266,88.72164154052734,88.73535919189453,88.56432342529297,88.41397857666016,88.44847106933594,88.40868377685547,88.60931396484375,88.6044921875,BLAK34,0.0285876537973202,f_2
2026-01-29 14:37:00,10.800000190734863,10.800000190734863,10.800000190734863,10.800000190734863,10.800000190734863,9.220000267028809,10.789999961853027,10.792698860168455,10.627952575683594,10.606219291687012,10.612190246582031,10.765912055969238,10.627293586730955,10.518003463745115,10.607961654663086,CBEE3,0.0250129594529321,f_1
2026-01-29 20:44:29,13.65999984741211,13.609999656677246,13.699999809265137,13.800000190734863,13.890000343322754,13.520000457763672,13.899999618530272,13.889527320861816,13.903154373168944,13.901592254638672,13.85721492767334,13.827264785766602,13.881977081298828,13.878233909606934,13.867180824279783,EDGA11,0.0226960771600758,f_2
2026-01-29 13:00:00,64.98999786376953,64.98999786376953,64.98999786376953,64.98999786376953,64.98999786376953,64.9000015258789,64.8499984741211,64.84683227539062,64.84972381591797,64.85260772705078,64.86105346679688,64.84700775146484,64.85011291503906,64.85763549804688,64.8556900024414,XRAY34,0.0170470207184242,f_4
2026-01-28 13:00:00,204.8500061035156,204.8500061035156,204.8500061035156,204.8500061035156,204.6999969482422,204.6999969482422,204.6999969482422,204.69879150390625,204.7052459716797,204.72525024414065,204.704330444336,204.6980895996093,204.69268798828125,204.716552734375,204.70925903320312,O1KE34,0.0123367348680629,f_3
2026-01-28 13:00:00,116.23999786376952,116.23999786376952,116.3499984741211,116.3499984741211,116.3499984741211,116.3499984741211,116.3499984741211,116.33687591552734,116.3464813232422,116.35009765625,116.34703826904295,116.32888793945312,116.33959197998048,116.33597564697266,116.35688018798828,Z1BH34,0.0059146660571019,f_8
2026-01-29 19:43:55,14.989999771118164,15.0,15.0,14.989999771118164,15.0,15.0,15.0,15.000057220458984,15.000273704528809,15.000231742858888,14.999454498291016,14.998804092407228,14.998211860656738,14.993512153625488,14.993226051330566,VVCO11,0.0018246968587239,f_2
2026-01-29 19:52:39,133.8300018310547,133.8300018310547,133.8300018310547,133.8300018310547,133.8300018310547,133.8300018310547,133.83999633789062,133.8402557373047,133.83985900878906,133.8393096923828,133.83895874023438,133.83871459960938,133.83937072753906,133.8400421142578,133.8409881591797,F1RA34,0.0007410499971612,f_8
2026-01-28 13:00:00,228.6199951171875,228.6199951171875,228.6199951171875,228.6199951171875,228.6199951171875,228.6199951171875,228.6199951171875,228.6200408935547,228.6201171875,228.62013244628903,228.6201019287109,228.6201171875,228.6201171875,228.6201171875,228.6201171875,FFTD34,6.006871861409452e-05,f_3
2026-01-28 13:00:00,6.510000228881836,6.510000228881836,6.510000228881836,6.510000228881836,6.510000228881836,6.510000228881836,6.510000228881836,6.510001182556152,6.510003089904785,6.510003566741943,6.510003089904785,6.510003089904785,6.510003089904785,6.510003089904785,6.510003089904785,DOHL3,5.127281090733832e-05,f_3
2026-01-28 13:00:00,20.040000915527344,20.040000915527344,20.040000915527344,20.040000915527344,20.040000915527344,20.040000915527344,20.040000915527344,20.040002822875977,20.040008544921875,20.040010452270508,20.040008544921875,20.040008544921875,20.040008544921875,20.040008544921875,20.040008544921875,I1XC34,4.758853656874469e-05,f_3
2026-01-28 13:00:00,225.8600006103516,225.8600006103516,225.8600006103516,225.8600006103516,225.8600006103516,225.8600006103516,225.8600006103516,225.8600311279297,225.860092163086,225.860107421875,225.860092163086,225.860092163086,225.860092163086,225.860092163086,225.860092163086,S1EA34,4.729103123565857e-05,f_3
2026-01-28 13:00:00,21.06999969482422,21.06999969482422,21.06999969482422,21.06999969482422,21.06999969482422,21.06999969482422,21.06999969482422,21.07000160217285,21.07000732421875,21.070009231567383,21.07000732421875,21.07000732421875,21.07000732421875,21.07000732421875,21.07000732421875,FIGE3,4.526218937917295e-05,f_3
2026-01-28 13:00:00,337.6400146484375,337.6400146484375,337.6400146484375,337.6400146484375,337.6400146484375,337.6400146484375,337.6400146484375,337.6400451660156,337.64013671875,337.6401672363281,337.64013671875,337.64013671875,337.64013671875,337.64013671875,337.64013671875,I1TW34,4.519247838082219e-05,f_3
2026-01-28 13:00:00,340.8699951171875,340.8699951171875,340.8699951171875,340.8699951171875,340.8699951171875,340.8699951171875,340.8699951171875,340.8700256347656,340.8701171875,340.8701477050781,340.8701171875,340.8701171875,340.8701171875,340.8701171875,340.8701171875,G1PC34,4.47642481916139e-05,f_3
2026-01-28 13:00:00,86.30999755859375,86.30999755859375,86.30999755859375,86.30999755859375,86.30999755859375,86.30999755859375,86.30999755859375,86.31000518798828,86.31002807617188,86.3100357055664,86.31002807617188,86.31002807617188,86.31002807617188,86.31002807617188,86.31002807617188,N1OV34,4.41976291684552e-05,f_3
2026-01-28 13:00:00,346.8500061035156,346.8500061035156,346.8500061035156,346.8500061035156,346.8500061035156,346.8500061035156,346.8500061035156,346.8500366210937,346.8501281738281,346.85015869140625,346.8501281738281,346.8501281738281,346.8501281738281,346.8501281738281,346.8501281738281,A1EN34,4.39924716563104e-05,f_3
2026-01-28 13:00:00,43.70000076293945,43.70000076293945,43.70000076293945,43.70000076293945,43.70000076293945,43.70000076293945,43.70000076293945,43.70000457763672,43.70001602172852,43.70001983642578,43.70001602172852,43.70001602172852,43.70001602172852,43.70001602172852,43.70001602172852,C1OO34,4.364642104148566e-05,f_3
2026-01-28 13:00:00,31.920000076293945,31.920000076293945,31.920000076293945,31.920000076293945,31.920000076293945,31.920000076293945,31.920000076293945,31.92000389099121,31.920011520385746,31.92001342773437,31.920011520385746,31.920011520385746,31.920011520385746,31.920011520385746,31.920011520385746,J1BH34,4.182782079503573e-05,f_3
2026-01-28 13:00:00,92.16000366210938,92.16000366210938,92.16000366210938,92.16000366210938,92.16000366210938,92.16000366210938,92.16000366210938,92.1600112915039,92.1600341796875,92.16004180908205,92.1600341796875,92.1600341796875,92.1600341796875,92.1600341796875,92.1600341796875,H1BA34,4.139211278257982e-05,f_3
2026-01-28 13:00:00,93.77999877929688,93.77999877929688,93.77999877929688,93.77999877929688,93.77999877929688,93.77999877929688,93.77999877929688,93.7800064086914,93.780029296875,93.78003692626952,93.780029296875,93.780029296875,93.780029296875,93.780029296875,93.780029296875,CPRL34,4.067708802814724e-05,f_3
2026-01-28 13:00:00,189.8099975585937,189.8099975585937,189.8099975585937,189.8099975585937,189.8099975585937,189.8099975585937,189.8099975585937,189.8100128173828,189.81005859375,189.81007385253903,189.81005859375,189.81005859375,189.81005859375,189.81005859375,189.81005859375,R1EG34,4.019490347917438e-05,f_3
2026-01-28 13:00:00,49.20000076293945,49.20000076293945,49.20000076293945,49.20000076293945,49.20000076293945,49.20000076293945,49.20000076293945,49.20000457763672,49.20001602172852,49.20001983642578,49.20001602172852,49.20001602172852,49.20001602172852,49.20001602172852,49.20001602172852,EKTR3,3.876724803324059e-05,f_3
2026-01-28 13:00:00,206.0500030517578,206.0500030517578,206.0500030517578,206.0500030517578,206.0500030517578,206.0500030517578,206.0500030517578,206.05001831054688,206.0500640869141,206.05007934570312,206.0500640869141,206.0500640869141,206.0500640869141,206.0500640869141,206.0500640869141,M1GM34,3.702690812061559e-05,f_3
2026-01-28 13:00:00,209.3000030517578,209.3000030517578,209.3000030517578,209.3000030517578,209.3000030517578,209.3000030517578,209.3000030517578,209.30001831054688,209.3000640869141,209.30007934570312,209.3000640869141,209.3000640869141,209.3000640869141,209.3000640869141,209.3000640869141,C1NP34,3.645195613954829e-05,f_3
2026-01-28 13:00:00,13.600000381469728,13.600000381469728,13.600000381469728,13.600000381469728,13.600000381469728,13.600000381469728,13.600000381469728,13.600001335144045,13.600004196166992,13.600005149841309,13.600004196166992,13.600004196166992,13.600004196166992,13.600004196166992,13.600004196166992,EQPA5,3.5061554766779656e-05,f_3
2026-01-28 13:00:00,13.989999771118164,13.989999771118164,13.989999771118164,13.989999771118164,13.989999771118164,13.989999771118164,13.989999771118164,13.99000072479248,13.99000358581543,13.990004539489746,13.99000358581543,13.99000358581543,13.99000358581543,13.99000358581543,13.99000358581543,CEDO3,3.408414338844648e-05,f_3
2026-01-28 13:00:00,458.1600036621094,458.1600036621094,458.1600036621094,458.1600036621094,458.1600036621094,458.1600036621094,458.1600036621094,458.1600341796875,458.1601257324219,458.16015625,458.1601257324219,458.1601257324219,458.1601257324219,458.1601257324219,458.1601257324219,CHDC34,3.330449829870632e-05,f_3
2026-01-28 13:00:00,231.8000030517578,231.8000030517578,231.8000030517578,231.8000030517578,231.8000030517578,231.8000030517578,231.8000030517578,231.80001831054688,231.8000640869141,231.80007934570312,231.8000640869141,231.8000640869141,231.8000640869141,231.8000640869141,231.8000640869141,J1KH34,3.2913694697175905e-05,f_3
2026-01-28 13:00:00,238.8000030517578,238.8000030517578,238.8000030517578,238.8000030517578,238.8000030517578,238.8000030517578,238.8000030517578,238.80001831054688,238.8000640869141,238.80007934570312,238.8000640869141,238.8000640869141,238.8000640869141,238.8000640869141,238.8000640869141,B1BT34,3.194888791352484e-05,f_3
2026-01-28 13:00:00,122.4000015258789,122.4000015258789,122.4000015258789,122.4000015258789,122.4000015258789,122.4000015258789,122.4000015258789,122.40000915527344,122.40003204345705,122.40003967285156,122.40003204345705,122.40003204345705,122.40003204345705,122.40003204345705,122.40003204345705,H1RL34,3.116582694501407e-05,f_3
2026-01-28 13:00:00,127.2699966430664,127.2699966430664,127.2699966430664,127.2699966430664,127.2699966430664,127.2699966430664,127.2699966430664,127.27000427246094,127.27002716064452,127.27003479003906,127.27002716064452,127.27002716064452,127.27002716064452,127.27002716064452,127.27002716064452,C1OG34,2.997326444757805e-05,f_3
2026-01-29 21:00:00,8.079999923706055,8.079999923706055,8.079999923706055,8.079999923706055,8.079999923706055,8.079999923706055,8.079999923706055,8.080000877380371,8.080001831054688,8.080001831054688,8.080001831054688,8.080001831054688,8.080001831054688,8.080001831054688,8.080001831054688,PRSN11,2.3605800133939308e-05,f_2
2026-01-28 13:00:00,543.5999755859375,543.5999755859375,543.5999755859375,543.5999755859375,543.5999755859375,543.5999755859375,543.5999755859375,543.6000366210938,543.60009765625,543.60009765625,543.60009765625,543.60009765625,543.60009765625,543.60009765625,543.60009765625,G1RM34,2.2455908385283207e-05,f_2
2026-01-28 13:00:00,549.4299926757812,549.4299926757812,549.4299926757812,549.4299926757812,549.4299926757812,549.4299926757812,549.4299926757812,549.4300537109375,549.4301147460938,549.4301147460938,549.4301147460938,549.4301147460938,549.4301147460938,549.4301147460938,549.4301147460938,FMXB34,2.221762811045405e-05,f_2
2026-01-28 13:00:00,281.5899963378906,281.5899963378906,281.5899963378906,281.5899963378906,281.5899963378906,281.5899963378906,281.5899963378906,281.59002685546875,281.5900573730469,281.5900573730469,281.5900573730469,281.5900573730469,281.5900573730469,281.5900573730469,281.5900573730469,A1LK34,2.167518627926028e-05,f_2
2026-01-28 13:00:00,566.4299926757812,566.4299926757812,566.4299926757812,566.4299926757812,566.4299926757812,566.4299926757812,566.4299926757812,566.4300537109375,566.4301147460938,566.4301147460938,566.4301147460938,566.4301147460938,566.4301147460938,566.4301147460938,566.4301147460938,C1MI34,2.155082076839667e-05,f_2
2026-01-28 13:00:00,142.8000030517578,142.8000030517578,142.8000030517578,142.8000030517578,142.8000030517578,142.8000030517578,142.8000030517578,142.80001831054688,142.80003356933594,142.80003356933594,142.80003356933594,142.80003356933594,142.80003356933594,142.80003356933594,142.80003356933594,A1PA34,2.137085257199813e-05,f_2
2026-01-28 13:00:00,143.5500030517578,143.5500030517578,143.5500030517578,143.5500030517578,143.5500030517578,143.5500030517578,143.5500030517578,143.55001831054688,143.55003356933594,143.55003356933594,143.55003356933594,143.55003356933594,143.55003356933594,143.55003356933594,143.55003356933594,E1SS34,2.125919712728721e-05,f_2
2026-01-28 13:00:00,367.2000122070313,367.2000122070313,367.2000122070313,367.2000122070313,367.2000122070313,367.2000122070313,367.2000122070313,367.2000427246094,367.2000732421875,367.2000732421875,367.2000732421875,367.2000732421875,367.2000732421875,367.2000732421875,367.2000732421875,E1CL34,1.662177402531995e-05,f_2
2026-01-28 13:00:00,192.3500061035156,192.3500061035156,192.3500061035156,192.3500061035156,192.3500061035156,192.3500061035156,192.3500061035156,192.3500213623047,192.3500366210937,192.3500366210937,192.3500366210937,192.3500366210937,192.3500366210937,192.3500366210937,192.3500366210937,E1SE34,1.5865649678522275e-05,f_2
2026-01-28 13:00:00,796.3200073242188,796.3200073242188,796.3200073242188,796.3200073242188,796.3200073242188,796.3200073242188,796.3200073242188,796.320068359375,796.3201293945312,796.3201293945312,796.3201293945312,796.3201293945312,796.3201293945312,796.3201293945312,796.3201293945312,N1VR34,1.5329303719264648e-05,f_2
2026-01-28 13:00:00,61.97999954223633,61.97999954223633,61.97999954223633,61.97999954223633,61.97999954223633,61.97999954223633,61.97999954223633,61.97999572753906,61.97998809814453,61.97998428344727,61.97998428344727,61.97998428344727,61.97998428344727,61.97998428344727,61.97998428344727,VLYB34,-6.154722965148573e-06,f_1
2026-01-28 13:00:00,450.3999938964844,450.3999938964844,450.3999938964844,450.3999938964844,450.3999938964844,450.3999938964844,450.3999938964844,450.3999633789063,450.39990234375,450.3998718261719,450.3998718261719,450.3998718261719,450.3998718261719,450.3998718261719,450.3998718261719,PHMO34,-6.775661309625565e-06,f_1
2026-01-28 13:00:00,434.3399963378906,434.3399963378906,434.3399963378906,434.3399963378906,434.3399963378906,434.3399963378906,434.3399963378906,434.3399658203125,434.3399353027344,434.3399353027344,434.3399353027344,434.3399353027344,434.3399353027344,434.3399353027344,434.3399353027344,P1EG34,-7.0261956951482646e-06,f_1
2026-01-28 13:00:00,421.3999938964844,421.3999938964844,421.3999938964844,421.3999938964844,421.3999938964844,421.3999938964844,421.3999938964844,421.3999633789063,421.39990234375,421.3998718261719,421.3998718261719,421.3998718261719,421.3998718261719,421.3998718261719,421.3998718261719,C1FI34,-7.241950300667672e-06,f_1
2026-01-28 13:00:00,210.2100067138672,210.2100067138672,210.2100067138672,210.2100067138672,210.2100067138672,210.2100067138672,210.2100067138672,210.20999145507807,210.2099609375,210.2099456787109,210.2099456787109,210.2099456787109,210.2099456787109,210.2099456787109,210.2099456787109,O1MC34,-7.258830966724575e-06,f_1
2026-01-28 13:00:00,202.1999969482422,202.1999969482422,202.1999969482422,202.1999969482422,202.1999969482422,202.1999969482422,202.1999969482422,202.19998168945312,202.199951171875,202.199935913086,202.199935913086,202.199935913086,202.199935913086,202.199935913086,202.199935913086,X1EL34,-7.546384417802856e-06,f_1
2026-01-28 13:00:00,49.79999923706055,49.79999923706055,49.79999923706055,49.79999923706055,49.79999923706055,49.79999923706055,49.79999923706055,49.79999542236328,49.79998779296875,49.79998397827149,49.79998397827149,49.79998397827149,49.79998397827149,49.79998397827149,49.79998397827149,V1IP34,-7.660034787281984e-06,f_1
2026-01-28 13:00:00,796.0599975585938,796.0599975585938,796.0599975585938,796.0599975585938,796.0599975585938,796.0599975585938,796.0599975585938,796.0599365234375,796.059814453125,796.0597534179688,796.0597534179688,796.0597534179688,796.0597534179688,796.0597534179688,796.0597534179688,M1TD34,-7.667155294473583e-06,f_1
2026-01-28 13:00:00,197.2100067138672,197.2100067138672,197.2100067138672,197.2100067138672,197.2100067138672,197.2100067138672,197.2100067138672,197.20999145507807,197.2099609375,197.2099456787109,197.2099456787109,197.2099456787109,197.2099456787109,197.2099456787109,197.2099456787109,S1BA34,-7.737330025366836e-06,f_1
2026-01-28 13:00:00,195.3999938964844,195.3999938964844,195.3999938964844,195.3999938964844,195.3999938964844,195.3999938964844,195.3999938964844,195.3999786376953,195.39996337890625,195.39996337890625,195.39996337890625,195.39996337890625,195.39996337890625,195.39996337890625,195.39996337890625,E1VR34,-7.80900181121988e-06,f_1
2026-01-28 13:00:00,3.009999990463257,3.009999990463257,3.009999990463257,3.009999990463257,3.009999990463257,3.009999990463257,3.009999990463257,3.0099997520446777,3.0099992752075195,3.0099990367889404,3.0099990367889404,3.0099990367889404,3.0099990367889404,3.0099990367889404,3.0099990367889404,ESTR3,-7.92088305172614e-06,f_1
2026-01-28 13:00:00,184.72000122070312,184.72000122070312,184.72000122070312,184.72000122070312,184.72000122070312,184.72000122070312,184.72000122070312,184.7199859619141,184.719970703125,184.719970703125,184.719970703125,184.719970703125,184.719970703125,184.719970703125,184.719970703125,I1FF34,-8.260496406271038e-06,f_1
2026-01-28 13:00:00,11.510000228881836,11.510000228881836,11.510000228881836,11.510000228881836,11.510000228881836,11.510000228881836,11.510000228881836,11.50999927520752,11.509998321533203,11.509998321533203,11.509998321533203,11.509998321533203,11.509998321533203,11.509998321533203,11.509998321533203,SNSY6,-8.285615095065005e-06,f_1
2026-01-28 13:00:00,360.1499938964844,360.1499938964844,360.1499938964844,360.1499938964844,360.1499938964844,360.1499938964844,360.1499938964844,360.14996337890625,360.14990234375,360.1498718261719,360.1498718261719,360.1498718261719,360.1498718261719,360.1498718261719,360.1498718261719,F1FI34,-8.473574522334012e-06,f_1
2026-01-28 13:00:00,352.1499938964844,352.1499938964844,352.1499938964844,352.1499938964844,352.1499938964844,352.1499938964844,352.1499938964844,352.14996337890625,352.14990234375,352.1498718261719,352.1498718261719,352.1498718261719,352.1498718261719,352.1498718261719,352.1498718261719,DLTR34,-8.666073733901793e-06,f_1
2026-01-28 13:00:00,172.72000122070312,172.72000122070312,172.72000122070312,172.72000122070312,172.72000122070312,172.72000122070312,172.72000122070312,172.71998596191406,172.719970703125,172.719970703125,172.719970703125,172.719970703125,172.719970703125,172.719970703125,172.719970703125,E1QR34,-8.834407685651985e-06,f_1
2026-01-28 13:00:00,20.11000061035156,20.11000061035156,20.11000061035156,20.11000061035156,20.11000061035156,20.11000061035156,20.11000061035156,20.10999870300293,20.109994888305664,20.10999298095703,20.10999298095703,20.10999298095703,20.10999298095703,20.10999298095703,20.10999298095703,JOPA3,-9.484577697281111e-06,f_1
2026-01-28 13:00:00,38.65999984741211,38.65999984741211,38.65999984741211,38.65999984741211,38.65999984741211,38.65999984741211,38.65999984741211,38.65999603271485,38.65999221801758,38.65999221801758,38.65999221801758,38.65999221801758,38.65999221801758,38.65999221801758,38.65999221801758,SOND3,-9.867297673774707e-06,f_1
2026-01-28 13:00:00,37.2400016784668,37.2400016784668,37.2400016784668,37.2400016784668,37.2400016784668,37.2400016784668,37.2400016784668,37.23999786376953,37.239994049072266,37.239994049072266,37.239994049072266,37.239994049072266,37.239994049072266,37.239994049072266,37.239994049072266,W1RB34,-1.024354751259521e-05,f_1
2026-01-28 13:00:00,72.7300033569336,72.7300033569336,72.7300033569336,72.7300033569336,72.7300033569336,72.7300033569336,72.7300033569336,72.72999572753906,72.72998809814453,72.72998809814453,72.72998809814453,72.72998809814453,72.72998809814453,72.72998809814453,72.72998809814453,B1ME34,-1.0490023620386186e-05,f_1
2026-01-28 13:00:00,285.44000244140625,285.44000244140625,285.44000244140625,285.44000244140625,285.44000244140625,285.44000244140625,285.44000244140625,285.4399719238281,285.43994140625,285.43994140625,285.43994140625,285.43994140625,285.43994140625,285.43994140625,285.43994140625,M1TB34,-1.069141601176398e-05,f_1
2026-01-28 13:00:00,278.1300048828125,278.1300048828125,278.1300048828125,278.1300048828125,278.1300048828125,278.1300048828125,278.1300048828125,278.1299743652344,278.1299133300781,278.1298828125,278.1298828125,278.1298828125,278.1298828125,278.1298828125,278.1298828125,A1EE34,-1.0972414910019617e-05,f_1
2026-01-28 13:00:00,34.400001525878906,34.400001525878906,34.400001525878906,34.400001525878906,34.400001525878906,34.400001525878906,34.400001525878906,34.39999771118164,34.399993896484375,34.399993896484375,34.399993896484375,34.399993896484375,34.399993896484375,34.399993896484375,34.399993896484375,S1NN34,-1.1089235745397358e-05,f_1
2026-01-28 13:00:00,132.1999969482422,132.1999969482422,132.1999969482422,132.1999969482422,132.1999969482422,132.1999969482422,132.1999969482422,132.19998168945312,132.19996643066406,132.19996643066406,132.19996643066406,132.19996643066406,132.19996643066406,132.19996643066406,132.19996643066406,I1HG34,-1.1542200767579437e-05,f_1
2026-01-28 13:00:00,520.2999877929688,520.2999877929688,520.2999877929688,520.2999877929688,520.2999877929688,520.2999877929688,520.2999877929688,520.2999267578125,520.2998657226562,520.2998657226562,520.2998657226562,520.2998657226562,520.2998657226562,520.2998657226562,520.2998657226562,D1OV34,-1.1730762575817386e-05,f_1
2026-01-28 13:00:00,256.95001220703125,256.95001220703125,256.95001220703125,256.95001220703125,256.95001220703125,256.95001220703125,256.95001220703125,256.9499816894531,256.949951171875,256.949951171875,256.949951171875,256.949951171875,256.949951171875,256.949951171875,256.949951171875,CRDA34,-1.187685412538965e-05,f_1
2026-01-28 13:00:00,127.81999969482422,127.81999969482422,127.81999969482422,127.81999969482422,127.81999969482422,127.81999969482422,127.81999969482422,127.81998443603516,127.81996154785156,127.81995391845705,127.81995391845705,127.81995391845705,127.81995391845705,127.8199462890625,127.81995391845705,K1MX34,-1.1937716397223454e-05,f_1
2026-01-28 13:00:00,115.22000122070312,115.22000122070312,115.22000122070312,115.22000122070312,115.22000122070312,115.22000122070312,115.22000122070312,115.21998596191406,115.21996307373048,115.21995544433594,115.21995544433594,115.21995544433594,115.21995544433594,115.2199478149414,115.21995544433594,S1MF34,-1.3243177313695644e-05,f_1
2026-01-29 19:55:20,130.30999755859375,130.30999755859375,130.30999755859375,130.30999755859375,130.30999755859375,108.36000061035156,118.9000015258789,118.49415588378906,118.31224822998048,118.89923095703124,118.37811279296876,118.53448486328124,117.82814025878906,117.59429168701172,118.15391540527344,N1CL34,-0.0006480814447159,f_3
2026-01-28 13:00:00,194.009994506836,194.009994506836,204.27999877929688,200.7400054931641,200.7400054931641,198.2400054931641,199.6499938964844,199.6388092041016,199.4906005859375,198.0944366455078,198.7642822265625,199.2948303222656,198.7577514648437,198.2626037597656,198.4291839599609,HSHY34,-0.0056021501250892,f_1
2026-01-29 21:07:57,39.09000015258789,40.25,40.90999984741211,40.720001220703125,41.5,41.400001525878906,40.81999969482422,40.74394989013672,40.65442657470703,40.80727767944336,40.78496170043945,40.80206298828125,40.587364196777344,40.67807769775391,40.50696563720703,EQTL3,-0.0311661329641618,f_3
2026-01-29 19:42:14,200.4600067138672,206.3000030517578,203.9100036621093,207.75,209.0,204.5,203.5800018310547,203.4660186767578,203.3695678710937,203.42149353027344,202.3263397216797,203.3110809326172,202.70278930664065,202.86216735839844,202.9848480224609,DBAG34,-0.0559893669671279,f_1
2026-01-29 21:07:34,3.880000114440918,4.289999961853027,4.519999980926514,4.440000057220459,4.25,4.210000038146973,4.079999923706055,4.002883434295654,4.016027450561523,4.054757595062256,4.030594825744629,4.077132701873779,4.072855472564697,4.0641961097717285,4.065220832824707,DASA3,-0.0702750462228185,f_5
2026-01-29 21:07:56,41.04999923706055,43.38999938964844,43.95000076293945,44.09000015258789,43.59999847412109,44.150001525878906,42.72999954223633,42.68573760986328,42.47865676879883,42.61618041992188,42.46958923339844,42.541954040527344,42.357032775878906,42.2735710144043,42.29939651489258,RDOR3,-0.1035851459097169,f_1
2026-01-29 21:06:00,26.209999084472656,26.32999992370605,27.21999931335449,26.89999961853028,27.280000686645508,26.959999084472656,26.96999931335449,26.88556671142578,26.92238044738769,26.93651580810547,26.92606735229492,26.9066162109375,26.769624710083008,26.75657844543457,26.761451721191406,LOGG3,-0.1241509310400453,f_3
2026-01-29 21:05:00,11.800000190734863,11.789999961853027,11.779999732971191,11.770000457763672,12.489999771118164,12.489999771118164,12.34000015258789,12.311508178710938,12.321099281311035,12.197515487670898,12.25731372833252,12.303858757019045,12.260677337646484,12.31728172302246,12.307221412658691,FESA3,-0.1531675125051895,f_2
2026-01-29 14:57:12,610.0800170898438,619.0,619.0,619.0,605.9199829101562,605.9199829101562,620.5,619.4775390625,618.3706665039062,618.485595703125,618.18212890625,618.6553344726562,618.2975463867188,615.3969116210938,613.8970336914062,J1CI34,-0.1647801672038678,f_1
2026-01-29 15:29:57,201.0,204.63999938964844,215.6999969482422,218.6600036621093,212.3000030517578,212.3000030517578,209.5399932861328,208.76910400390625,208.5673370361328,209.08908081054688,208.3049468994141,206.66702270507807,205.808349609375,205.9319763183593,206.4271545410156,F1TN34,-0.215191605437442,f_3
2026-01-29 21:05:00,1.600000023841858,1.7000000476837158,1.7599999904632568,1.7699999809265137,1.7799999713897705,1.7400000095367432,1.690000057220459,1.6789929866790771,1.6844732761383057,1.670856237411499,1.68561053276062,1.6818463802337646,1.666257619857788,1.6673802137374878,1.6781632900238037,LPSB3,-0.2597351663442138,f_4
2026-01-29 21:06:00,21.270000457763672,21.31999969482422,23.0,21.1299991607666,22.809999465942383,22.82999992370605,22.200000762939453,22.13357925415039,22.011993408203125,22.018537521362305,22.12578582763672,22.07814216613769,21.695554733276367,21.936323165893555,21.74997329711914,SMFT9,-0.2991959752539566,f_1
2026-01-29 21:07:56,2.359999895095825,2.609999895095825,2.6600000858306885,2.640000104904175,2.5899999141693115,2.549999952316284,2.4800000190734863,2.446539878845215,2.4457664489746094,2.454850673675537,2.462106704711914,2.4589414596557617,2.456825256347656,2.47006893157959,2.465867280960083,ONCO3,-0.4004470732869866,f_7
2026-01-29 20:47:08,5.679999828338623,5.869999885559082,5.920000076293945,5.650000095367432,5.539999961853027,5.639999866485596,6.630000114440918,6.560546398162842,6.531983375549316,6.5904541015625,6.50200080871582,6.57225513458252,6.476827144622803,6.5889506340026855,6.565056324005127,T1AL34,-0.5964707721841832,f_3
